,0,1
cu03_p3r3J23,15.571011,-1.7852172
cu02_p1r3J8,21.388529,-8.016574
cu01_p2r1B11,24.63095,-1.5980018
cu01_p1r1B7,21.695066,-9.385218
cu02_p1r4O6,23.517263,-2.4520926
cu02_p3r3K15,24.886002,-2.2592075
cu02_p2r2G21,27.547588,-7.8124733
cu01_p1r2G21,24.507792,-6.3896627
cu03_p2r1C20,25.880604,-7.2657275
cu03_p3r3J13,22.215277,-3.1207387
cu02_p2r1D20,25.110474,-0.49408242
cu03_p2r1C7,25.165375,-6.589309
cu03_p3r3K5,25.463589,-5.5926666
cu03_p2r4N13,26.35602,-3.624503
cu03_p1r2H15,21.257408,-2.6232548
cu02_p2r2E17,25.917765,-1.3647538
cu02_p3r2E12,23.529755,-3.150855
cu01_p2r2F1,26.05943,-4.9859567
cu01_p1r4M3,27.579672,-5.8051105
cu01_p1r2H13,20.813774,-0.120670736
cu03_p2r1C4,23.607164,-5.2590084
cu01_p1r2H20,22.119715,-8.36686
cu03_p2r1C24,14.892898,-1.5321479
cu02_p3r4O9,21.057638,-6.418054
cu01_p2r1C17,26.462738,-4.2127414
cu03_p2r2E20,23.570791,-3.2354488
cu02_p3r2H10,25.453527,0.10785256
cu02_p1r4N7,25.78962,-0.97080106
cu02_p3r2F21,25.488605,-4.1110063
cu02_p1r1D20,24.585733,-0.8807558
cu02_p3r3I3,24.43849,-4.676982
cu02_p1r4O7,26.65219,-8.15323
cu01_p1r4O16,22.031872,-8.922612
cu01_p2r3J12,20.140718,-7.7088666
cu01_p1r4M15,21.211948,-9.290291
cu02_p1r4M15,24.899256,-4.0663433
cu02_p2r2F5,25.750177,-1.2949287
cu01_p2r1A12,19.70781,-8.294859
cu03_p2r3I6,23.158436,-5.436303
cu03_p2r2H8,24.427238,-1.1016355
cu01_p2r2G18,21.599329,-8.660335
cu03_p4r1A22,17.694445,-3.978425
cu02_p2r2H4,26.884117,-7.6900635
cu02_p1r4N18,24.459507,-4.4992266
eso29_p1E5,22.332829,-7.2070847
cu02_p1r3L18,24.719803,-8.392173
cu02_p2r2E18,24.75091,-8.705096
cu02_p1r3L10,24.174213,-3.1125016
cu02_p3r4O10,24.839195,-2.833997
cu03_p2r3K15,25.668354,-2.3167503
cu03_p4r4O20,21.695276,-3.716547
cu02_p1r1C16,26.445185,-8.508181
cu02_p1r2H3,26.442995,-8.978842
cu03_p3r1C22,14.832473,-0.95971835
cu01_p2r3K14,21.495157,-7.6542616
cu03_p2r2E5,25.759878,-0.98576474
cu02_p3r2H3,25.039324,-9.383192
cu03_p1r1A5,21.601416,-2.8633308
cu02_p1r2E11,26.171415,-3.3834445
cu01_p1r1B19,21.054995,-9.485048
cu01_p2r3I21,15.518486,0.07003896
cu03_p1r2H4,21.306797,-4.78832
cu01_p2r3L10,24.109491,-0.54522055
cu02_p1r3K9,23.895077,-5.135226
cu02_p3r3K12,24.605585,-8.351332
cu03_p2r2E7,21.248026,-9.026025
cu03_p3r1A11,25.53781,-0.08020576
cu02_p2r1A19,22.903088,-2.2294722
cu03_p2r3K9,25.326805,-5.0696826
cu01_p1r3K10,21.499191,-9.314882
cu03_p2r2E2,25.35882,-8.182818
cu03_p2r3J9,24.507448,-4.493087
cu01_p2r1A7,21.717922,-3.3861198
cu02_p1r1A22,22.31939,-3.603888
cu02_p1r3L12,24.040745,-0.122155055
cu01_p2r3L1,23.734035,-1.967094
cu03_p3r2H18,25.180384,-4.99122
cu03_p3r3I24,25.939856,-6.4214125
cu01_p1r1C5,25.057081,-1.2142591
cu02_p3r3I11,25.029425,-1.2312984
cu03_p2r4O15,24.854874,-6.4566174
cu03_p4r2E24,14.333661,-0.9280641
cu02_p1r4O14,26.82143,-5.5981135
cu03_p3r1B10,22.860096,-4.2725286
cu02_p3r4M18,24.63615,-1.2474021
cu03_p2r1B21,25.402422,-6.710645
cu02_p2r3J19,23.753744,-3.3364732
cu01_p2r4N22,14.581067,-0.14816055
cu03_p3r2F22,15.698877,-1.5402708
eso29_p2B12,22.876465,-8.101473
cu02_p2r3I21,23.257595,-8.541402
cu03_p2r1B3,23.609112,-6.1863513
cu02_p2r1C23,14.563285,0.46782508
cu03_p1r4N14,23.947643,-0.29223368
cu01_p2r2G3,20.978642,-7.2146897
cu03_p3r3K21,22.293598,-4.451966
cu01_p2r4O9,24.27187,-1.2920496
cu03_p2r1B23,14.698026,-1.7834764
cu02_p2r1D23,15.097537,0.29292175
cu03_p3r2H1,25.775854,-7.91753
cu02_p3r1D9,24.141146,-4.2478395
cu02_p3r1D17,19.729193,-8.547696
cu01_p1r3L5,21.383911,-0.36112985
cu02_p1r3K20,24.018612,-6.4193373
cu02_p2r2E13,25.932274,-2.9842834
cu01_p1r3K17,26.581839,-2.0173042
cu01_p2r4M4,22.227858,-8.532931
cu02_p3r3L6,25.766073,-8.994251
cu02_p1r4O9,24.335787,-4.306967
cu03_p3r4N13,24.543114,0.43150017
cu02_p3r4O2,22.181953,-7.573659
cu02_p2r3K17,22.205118,-9.36932
cu02_p2r4M15,26.299904,-4.7888584
cu02_p3r4M15,26.391396,-2.9373705
cu02_p1r3L9,25.832794,-4.052006
cu02_p3r2H6,20.255983,-0.30171597
cu01_p2r4O1,21.59786,-8.34658
cu02_p2r2E2,26.645899,-4.717371
cu01_p2r4O5,24.016117,-2.786566
cu03_p3r3J4,24.773775,-3.2891862
cu03_p1r3L11,23.88882,-1.0602959
eso29_p2H3,14.21995,0.4615508
cu03_p3r1C8,23.432999,-1.1885297
cu03_p2r3K20,23.728971,-1.1390451
cu02_p1r3I19,24.61286,-4.4275618
cu03_p2r2G23,14.638933,-1.7776972
cu03_p2r3L17,24.82504,-1.109006
cu03_p3r2G9,22.650635,-2.1132333
cu03_p3r3K23,14.701255,-2.0993178
cu03_p3r4N6,22.538824,-3.3929107
cu01_p2r1B16,19.92952,-8.433973
cu03_p2r3I21,22.710997,-4.810077
cu02_p3r1A23,14.94881,-0.34637558
cu03_p2r3J4,26.326593,-6.8009005
cu03_p2r2G4,24.762968,-1.1826955
cu03_p2r1C2,24.111464,0.26349634
cu03_p2r3K21,23.6817,-5.6807127
cu02_p2r3I2,26.180435,-0.5548621
cu02_p1r1C18,24.270266,-5.3245153
cu02_p3r4N4,25.698067,-5.626621
cu02_p1r3I11,24.995153,-7.9747405
cu03_p3r1B2,25.898556,-5.561947
cu02_p3r3I15,24.13247,-7.1114097
cu01_p2r4O11,22.31609,-2.2574449
cu02_p3r4N8,25.299791,-9.02256
cu03_p1r4O20,25.089008,-8.914933
cu03_p4r2G1,21.397749,-3.9383202
cu02_p2r2E5,25.193321,-2.1122313
cu03_p1r3J7,16.25008,-0.44879875
cu01_p1r3J11,25.436245,-4.393711
cu02_p2r3J24,15.24405,-0.5235064
cu01_p2r4M3,25.0276,-2.4945827
cu02_p3r1D2,23.732145,-3.7617073
cu02_p2r3K8,25.317205,-1.5797856
cu02_p3r1D18,19.32763,-8.07422
cu03_p2r3J12,22.919931,-7.557868
cu02_p2r3K16,22.881092,-4.6158276
cu03_p3r4O16,24.637419,-0.76780117
cu03_p2r3L13,25.991865,-0.9851134
cu01_p2r3K11,25.58721,-5.3000965
cu01_p2r2G9,20.513645,-4.830079
cu03_p2r1D14,25.006458,-6.366619
cu02_p2r3L16,27.048817,-4.46719
cu03_p3r3K15,24.117142,-7.2442145
cu01_p1r4M2,27.471313,-5.801735
cu03_p1r2G3,20.337303,-6.27788
cu02_p2r2E7,25.933851,-1.9838452
cu03_p2r1C23,14.431244,-1.287361
cu03_p4r1B10,24.581224,-7.3424964
cu03_p4r2E17,25.74706,-6.476413
cu01_p2r2G13,25.188204,-8.9097
cu02_p3r3I1,24.373028,-3.4919338
cu01_p2r4N4,25.225187,-1.1106124
cu03_p2r2F10,25.221863,0.4732464
cu02_p3r2F15,25.60756,-7.629094
cu03_p2r2E14,22.29843,-7.4995213
cu01_p2r3I17,18.921896,-8.143697
cu01_p2r4O3,20.904535,-8.253202
cu03_p3r1C3,23.805489,-4.457151
cu03_p4r1A13,21.891788,-5.8530936
cu03_p2r3J21,24.816748,-4.130848
cu03_p2r2G20,27.432932,-6.7156587
cu01_p1r2F17,27.026323,-7.855896
cu02_p2r1D16,24.330359,-2.6578531
cu03_p4r2H5,26.13323,-7.3222523
cu02_p2r4N17,25.86629,-1.5934918
cu02_p1r2F9,25.55679,-2.1302114
cu01_p1r1A13,21.253334,-8.0799675
cu02_p1r1C4,24.445393,-7.6791725
cu03_p3r2G15,25.718498,-7.243942
cu03_p3r2F10,24.170753,-2.6671474
cu02_p1r2F15,25.356485,-9.33992
cu02_p1r3K15,24.703386,-5.156263
cu03_p2r3J2,24.354094,-8.123831
cu01_p1r3I5,21.430925,-8.142577
cu01_p2r3K9,26.919592,-6.377924
cu02_p1r2F1,23.728727,-6.3284206
cu03_p1r2F12,20.277716,-6.782588
cu03_p2r4O9,22.031559,-7.241979
cu03_p3r4M5,24.20481,-2.246698
cu02_p2r1C8,27.586998,-6.495551
cu02_p1r2F23,15.89111,-0.7659098
cu01_p2r2H12,25.82332,-8.540204
cu02_p2r1B8,25.087439,-8.019158
cu02_p1r1B16,24.68492,-8.819611
cu03_p2r3I5,24.653204,-6.978304
cu03_p2r4M3,22.944252,-4.978141
cu01_p2r3K13,24.801477,-3.740506
cu02_p2r3L23,16.98283,-4.0416985
cu01_p2r3I20,24.351418,-5.6779723
cu02_p2r4M22,14.699156,-0.6856654
cu02_p2r4O20,22.345709,-8.19786
cu02_p1r3I24,15.12367,-0.7541522
cu03_p3r2F2,23.444942,-1.1705118
cu02_p1r3K13,24.855371,-2.7907758
cu03_p1r4N20,19.763067,-6.3998528
eso29_p2E3,20.901217,-7.799623
cu02_p2r1D5,22.809675,-2.0765266
cu01_p2r2E7,25.287657,-9.314798
cu03_p2r2E17,24.836432,-2.214227
eso29_p1D5,23.553045,-7.1965394
cu03_p2r3L19,23.611156,-4.7237372
cu01_p2r4M20,22.060654,-8.749565
cu02_p1r2H4,24.584032,-7.769891
cu03_p2r2G14,19.387596,-6.608631
cu01_p2r3K19,25.12866,-9.387124
cu01_p2r2F17,23.938147,-5.2791243
cu02_p1r2E22,16.977991,-4.3144813
cu03_p3r2E5,25.49098,-2.7915642
cu02_p1r2F11,24.66696,-3.0843139
cu03_p3r2G3,23.352234,-2.9685013
cu02_p2r3K10,24.247591,-8.936962
cu02_p2r3J16,25.069628,0.22906654
cu03_p3r1A23,20.759684,-3.270347
cu03_p3r4N8,23.168242,-1.3960325
cu02_p3r3K21,26.595545,-4.81367
cu02_p3r2G23,14.592124,-0.30066016
cu02_p1r4M5,24.090212,-2.4918418
cu02_p1r3L5,23.876596,0.0011474572
cu03_p2r1B19,24.693613,-9.260495
cu02_p2r1C22,14.908239,-1.0421445
cu02_p1r2F10,25.830011,-9.091252
cu01_p2r1D14,19.767017,-7.045713
cu02_p2r2G2,26.554287,-5.632422
cu03_p3r2F21,27.05596,-5.8624287
cu01_p2r1A24,15.353877,0.14839633
cu03_p2r3J24,14.494119,-1.5612955
cu02_p3r1D21,19.757637,-9.205726
cu01_p2r3L14,22.482813,-6.69725
cu03_p2r1C21,23.11762,-2.9085062
cu02_p3r3L8,24.299917,-2.217744
cu02_p1r1B1,23.279612,-8.655663
cu03_p2r1A13,19.382496,-6.9955587
cu01_p1r3I9,19.629545,-6.7698216
cu01_p1r4N13,22.03574,-8.3514595
cu02_p2r1C15,25.578243,-1.9065413
cu03_p2r3K3,22.817722,-4.5433583
cu03_p3r1B14,27.064407,-6.1173053
cu02_p1r2G6,25.57192,-0.6519484
cu02_p1r3L6,25.429146,-6.143585
cu03_p2r4N5,23.528732,-6.125936
cu01_p2r3K20,19.88818,-8.460539
cu01_p1r2F9,20.679659,-9.127632
cu01_p1r4N8,25.473963,-1.1293457
cu03_p4r4O5,22.532375,-4.340782
cu03_p3r1A3,24.62701,-0.42693573
cu01_p1r2E23,21.456665,-7.827263
cu02_p2r1C7,27.878683,-6.626291
cu01_p1r3L7,23.846972,-2.673887
eso29_p2E10,21.615524,-8.335258
cu01_p1r3K9,23.296558,-2.8073196
cu01_p2r3J16,20.394644,-7.846149
cu03_p2r2E4,25.15984,-4.7795978
cu03_p4r1C3,22.138456,-2.860455
cu02_p2r1D1,23.779337,-3.3933575
cu03_p1r1D14,26.12447,-7.739854
cu03_p2r3L12,24.84267,-1.976504
cu02_p2r2E15,24.104868,-3.8766024
cu03_p1r3L5,21.706087,-1.0990009
cu01_p1r3I2,26.559978,-5.2298403
cu03_p1r2G2,24.294779,0.3013551
eso29_p2B10,26.072031,-4.6862297
cu02_p1r3K11,24.012491,-3.8861728
cu02_p1r2E16,25.897121,-8.708148
cu03_p1r1A10,26.42738,-1.6111712
cu03_p1r4O15,21.073568,-3.8697534
cu02_p2r2F12,24.007994,-3.3100724
cu01_p2r3K15,19.928553,-8.332069
cu01_p2r2E21,15.057539,-0.04376749
cu03_p2r1B4,26.476175,-7.184583
cu02_p2r4M5,24.781353,-1.0186512
cu02_p2r4M19,24.991955,-0.5579531
cu01_p1r1C23,21.252872,-6.280834
cu02_p1r4N6,24.883646,-1.1073992
cu01_p2r4M12,26.919436,-4.8778305
cu02_p2r2F14,22.313559,-8.491188
cu01_p2r1D20,25.850618,-8.402558
cu03_p4r4O6,19.900173,-6.153504
cu02_p3r2G16,26.724783,-1.9616044
cu01_p1r1D12,20.099138,-8.8542795
cu03_p2r1C10,24.902122,-7.767336
cu02_p3r2G9,27.372114,-7.718659
cu01_p1r2E1,21.008331,0.12007306
cu03_p3r3I20,24.103956,-1.3230057
cu02_p1r1C23,15.33657,-0.42185664
cu03_p3r4O19,22.491081,-2.7991076
cu03_p3r1D8,23.614668,-2.2800312
cu02_p1r1D8,24.966284,-1.7002972
cu01_p1r2G7,25.94469,-5.95284
cu02_p2r2E20,24.048605,-3.9271998
cu03_p2r3K5,21.822138,-6.7682943
cu03_p3r4M19,23.121353,-5.2424273
cu03_p2r3J22,15.74868,-0.94758946
cu03_p3r1D15,25.127796,-5.794765
cu03_p3r3K11,23.922293,-8.122448
cu02_p2r4O17,24.21415,-2.3588767
cu02_p3r3L21,26.050316,-0.5966839
cu03_p3r2F23,15.16361,-0.6430716
cu02_p3r4N20,25.394707,-1.4853736
cu02_p1r4N12,24.406105,-2.0502782
cu03_p2r1A15,26.063358,-0.46685815
cu01_p2r3I11,20.767084,-0.62751263
cu01_p1r2F15,24.537733,-4.4795055
cu03_p1r3J5,15.807762,-0.3651595
cu03_p2r3L6,25.897324,-0.8440601
cu01_p2r3K16,26.25711,-4.6091666
cu03_p2r2E3,26.464674,-6.159133
cu03_p2r4N22,14.306003,-1.6585903
cu03_p2r4O22,14.471794,-0.91194284
cu02_p2r1C1,24.564024,-3.8996286
cu03_p2r4M21,25.51326,-5.6521387
cu02_p2r4N10,23.868187,-0.0065039187
cu02_p2r2E4,25.820568,-0.44812727
cu02_p2r2E16,25.161661,-4.076755
cu02_p2r1A10,20.767551,-7.5472274
cu03_p1r2H1,26.362906,-8.694038
cu02_p1r3K3,26.448378,-4.835654
cu03_p3r4M3,21.862125,-4.276941
cu02_p2r3J2,25.063356,-2.6653314
cu02_p3r4O23,15.249061,-0.5166226
cu02_p1r3K16,24.899317,-2.6551092
cu03_p2r3L8,24.16777,-5.73045
cu03_p2r3K18,20.645678,-6.6568856
cu01_p2r3K23,14.57487,-1.695536
cu03_p3r1C6,26.583532,-6.468749
cu02_p2r4N21,26.935596,-7.151143
cu02_p3r4N10,23.727253,-2.8261316
cu01_p1r3J22,20.233461,-8.97021
cu02_p1r3J17,24.09296,-1.1605622
cu01_p1r2G5,22.359453,-7.605655
cu03_p3r3L17,24.20331,-7.650285
cu02_p1r3I2,26.618067,-5.1320925
cu01_p1r3L8,21.747953,-9.237899
cu03_p1r3L12,25.231943,-1.026413
cu03_p3r3L5,24.667517,-1.8810347
cu02_p2r1C5,24.248804,-2.8919902
cu01_p1r1C10,20.928349,-7.7578645
cu01_p1r3J1,27.578665,-6.6463494
cu01_p2r4M2,23.819939,-2.3931866
cu01_p2r4M18,21.613867,-8.895593
cu03_p1r1A24,23.160204,-6.6117787
cu01_p2r4O6,19.828085,-9.058099
cu03_p3r4N21,23.399359,-5.3656516
cu03_p2r2H17,24.062817,-4.198243
cu01_p2r1B12,22.7249,-7.0281324
cu02_p3r3K19,25.625319,-1.2007033
cu03_p3r2E6,25.005648,-1.8127946
cu02_p3r4M16,26.521475,-6.1794186
cu03_p1r4O3,23.375933,-2.2860403
cu02_p1r3J24,15.789489,-0.19578874
cu03_p2r1C18,25.948357,-7.0098667
cu02_p1r2G9,20.80988,-9.039989
cu03_p2r1B14,23.709671,-6.084274
cu01_p1r4O17,21.224337,-9.150995
cu03_p4r4N18,22.998564,-1.794714
cu01_p2r2G5,24.36391,-1.9995276
cu03_p3r1D13,25.057808,-6.0851827
cu02_p1r4M2,25.284338,-7.944473
cu01_p1r4N3,26.034122,-9.131404
cu01_p1r1C12,27.167881,-5.0317016
cu01_p1r4N9,25.10182,-9.141578
cu01_p1r3J20,19.415943,-8.486654
cu03_p3r3I10,22.314056,-3.4091604
cu02_p1r4O4,24.08845,-3.5395067
cu03_p2r2E19,27.576693,-6.0834427
cu03_p3r2H19,24.652103,0.080560595
cu02_p2r4N12,24.769445,-1.1085973
cu03_p3r4O1,22.120935,-5.964754
cu02_p3r2E20,20.172873,-8.112091
cu01_p1r1D17,21.00974,-9.342098
cu03_p3r2H15,21.92832,-5.596649
cu02_p1r4M23,14.500685,-1.5874841
cu03_p1r2G17,20.853529,-4.749669
cu02_p2r3K18,19.443886,-8.30982
eso29_p2F8,20.532322,-7.4333277
cu01_p1r1D16,25.449219,-5.690539
cu02_p1r4M12,25.207216,-2.6376717
cu01_p2r3L13,26.555101,-4.642933
cu01_p2r3L4,23.90178,-1.9081112
cu02_p3r2H12,25.0732,-0.1707146
cu01_p2r2E9,23.894815,-2.7291627
cu02_p1r2F8,24.404814,-0.77853495
eso29_p2D7,21.875502,-7.405299
cu01_p2r1A17,26.152561,-3.8604817
cu03_p3r3I7,24.846867,-2.9032269
cu03_p3r2G12,23.4274,-8.06831
cu02_p3r2E16,26.86926,-5.5421376
cu03_p2r3I4,25.852802,-8.108303
cu01_p1r2H21,21.107954,-5.284525
cu02_p3r4N12,24.56314,-2.9074838
cu02_p3r4N13,22.423624,-9.364156
cu02_p1r3L13,27.410072,-7.654655
cu03_p3r1A5,25.327263,-7.254821
cu01_p1r3I6,21.390059,-8.4571705
cu02_p1r4N17,24.253353,-0.18169312
cu03_p4r4O18,22.187916,-3.809601
cu03_p2r2E23,15.279781,-1.5830604
cu01_p2r3I23,15.165853,-1.8078481
cu02_p2r2H12,24.930763,-3.8387835
cu02_p2r1A13,20.031378,-8.903478
cu01_p1r1B15,24.547886,-1.8550642
cu03_p3r4M11,23.765476,-0.2824451
cu01_p1r2H22,25.735464,-8.626569
eso29_p2D3,22.187647,-7.249823
eso29_p2C1,26.754725,-5.575162
cu01_p2r1D2,21.7966,-7.750322
cu01_p2r1D17,25.41381,-9.347755
cu01_p2r4N2,22.066193,-7.7933216
cu03_p2r4N1,22.906513,-3.6708624
cu01_p1r3J10,19.936283,-7.2898917
cu03_p4r4N21,20.77668,-5.470295
cu03_p3r2E7,23.485428,-3.1934845
cu02_p3r1A19,24.787212,-8.230386
cu02_p3r4O16,26.933212,-4.73476
cu01_p1r1C20,26.452734,-5.7343736
cu03_p1r3I5,25.00932,-0.69340295
cu02_p3r1A2,26.09902,-5.033963
eso29_p1F4,21.2238,-7.8609934
cu01_p2r2E5,23.993845,-7.9211717
eso29_p2A3,21.242134,-8.088865
cu02_p1r1B11,23.204977,-7.463442
cu01_p2r4N14,25.663807,-8.310175
cu02_p1r1A15,27.069715,-6.974095
cu02_p2r1D9,24.753368,-3.633606
cu01_p1r2E3,25.5239,-3.7378669
cu02_p3r4M5,20.558062,-7.8930516
cu02_p3r3J18,25.347597,-0.5374864
cu03_p1r4N10,25.620686,-6.7336917
cu03_p3r1D11,22.031466,-4.5039787
cu01_p2r2E10,24.300016,-2.8131282
cu01_p2r3L18,23.003937,-3.12859
cu01_p2r2E11,25.572933,-4.2272835
cu01_p1r3I16,27.039387,-5.3469453
cu03_p2r2G8,23.855076,-6.195797
cu01_p1r1D24,19.961315,-7.633526
cu03_p3r1D2,23.748459,-6.187866
cu02_p2r2H9,20.501564,-8.064261
cu03_p2r3I23,14.629026,-0.0033983758
cu01_p1r1B4,20.630804,-0.5326285
cu01_p1r1D14,19.391922,-7.6263657
cu02_p1r2F14,23.605486,-0.9339019
cu03_p1r2F14,21.61592,-5.535759
cu02_p2r1A1,19.461658,-7.6176715
cu01_p2r2E16,26.445118,-5.26325
cu03_p3r2F13,19.960289,-5.4458785
cu02_p2r3I4,27.160318,-7.602948
cu01_p2r1C1,20.15559,-6.357376
cu02_p3r3I12,27.581264,-7.7376313
cu01_p1r1A24,19.48294,-8.895277
cu03_p2r3I16,23.702547,-3.6255145
cu03_p2r2E15,23.546528,-1.585831
cu03_p1r4M12,27.864723,-6.6191597
cu01_p1r3J3,20.408613,0.04977311
cu02_p1r1D6,20.343866,-0.32440525
cu03_p3r1C18,21.446333,-4.6036367
cu02_p3r3I4,23.753647,-3.7835689
cu02_p1r3I12,20.972794,-7.3350153
cu03_p2r2G11,26.98987,-6.496473
eso29_p2C2,23.970919,-7.427954
cu02_p2r1C17,25.077398,-2.5601737
cu02_p3r4M12,21.574768,-8.912251
cu03_p1r4M3,19.869534,-6.276144
cu02_p1r3K22,16.43054,-1.1889857
cu02_p3r1D1,24.933645,-8.705488
cu03_p2r1A12,25.355082,-9.041236
cu02_p1r2F16,26.379301,-2.168928
cu03_p2r4N18,23.866283,-0.19031739
cu01_p2r3K10,23.87322,-5.5853887
cu02_p1r4M1,20.907595,-0.78233904
cu02_p3r2G17,25.697264,-4.5846868
cu01_p1r1C24,21.089796,-8.166432
cu02_p1r1D9,25.01236,-2.3229878
cu01_p2r2E19,22.32056,-3.6503196
cu03_p2r4O7,23.009764,-1.0944757
cu03_p3r3I15,23.443352,-3.1272151
cu01_p2r4M1,25.402391,-2.3703368
cu03_p4r4M21,20.358604,-3.7162046
cu03_p3r2E12,23.16831,-3.9576387
cu02_p3r2G20,25.400562,-3.5473614
cu02_p1r1D23,14.175253,-0.6259821
cu01_p2r1A2,24.12687,-7.0478263
cu02_p3r2G15,22.67399,-2.247185
cu03_p3r1C20,25.572182,-7.811536
cu01_p1r1D5,20.475447,-9.406872
cu02_p2r2H15,26.722155,-7.4222383
cu01_p2r1A14,26.44402,-4.595799
cu03_p4r4M1,26.595444,-2.6111925
cu01_p1r2E11,24.14474,-4.552631
cu01_p2r3I3,21.553652,-7.6101446
cu01_p2r2G1,22.134169,-8.905991
cu01_p1r2H17,25.025463,-2.078422
cu02_p1r1A21,21.069534,-7.7691407
cu01_p1r1C7,26.34867,-1.9101042
cu02_p1r4N9,24.1913,-2.5112615
cu03_p3r4O20,23.214304,-2.1624541
cu01_p2r3L23,14.64814,0.43263677
eso29_p2F10,21.719389,-6.838888
cu02_p1r3L7,25.483305,-5.983568
cu03_p1r1B7,19.314125,-8.99357
cu02_p3r4M1,21.853643,-9.242668
cu03_p4r2F20,24.24787,-4.1505127
cu02_p3r1C10,20.196882,-8.85578
cu02_p1r2H20,21.513033,-6.9021816
cu02_p2r4O11,25.999615,-0.59143317
cu01_p2r1D18,26.646364,-8.755565
cu02_p1r3J22,15.055554,-0.44813836
cu03_p3r2F6,23.110607,-5.853662
cu02_p3r4M14,23.899006,-3.9319813
eso29_p2F11,21.682497,-5.8986735
cu03_p3r3I3,24.971334,-3.6157033
cu03_p3r2F11,26.684147,-3.2987769
cu03_p4r4O3,24.242195,-3.6460083
cu03_p2r4M20,23.168943,-6.2815137
cu02_p3r2H17,23.46886,-8.36479
cu01_p1r2E20,25.763176,-9.106074
cu03_p2r1D23,14.087212,0.020229118
cu03_p2r1C1,22.89621,-4.65112
cu03_p2r2F20,25.62882,-1.1981279
cu02_p2r4O18,24.90806,-8.4464655
cu02_p2r3J20,26.541325,-3.9578686
cu02_p3r4O7,23.019104,-3.6705966
cu02_p3r2G2,25.702261,-2.4184978
cu01_p2r2G24,14.542642,-0.32569972
cu01_p1r1C22,23.492067,-4.684524
cu01_p1r1D21,24.612402,-8.989992
cu02_p1r3K12,24.11581,-0.045599144
cu03_p2r2H12,23.924,-4.201478
cu02_p1r3J13,23.956636,-3.601026
cu01_p2r1C2,21.105103,-7.465915
cu01_p1r2E6,26.984535,-7.571486
cu03_p4r1D5,21.875229,-4.230624
cu02_p1r2E17,24.12896,-7.5104628
cu01_p1r2F12,24.14324,-5.2497573
cu01_p1r4N16,25.346918,-1.6687233
cu03_p2r3L2,20.021849,-6.331207
cu03_p3r1B24,15.428893,-1.955083
cu03_p3r2G18,23.161346,-3.419974
cu03_p2r4O11,22.13114,-2.9350774
cu02_p1r1D4,25.686277,-8.7330885
cu03_p3r1C19,24.963839,-8.133209
cu02_p2r2H13,24.402706,-6.6516466
cu01_p2r4M14,19.518425,-8.032355
cu01_p2r3L6,20.249744,-8.875588
eso29_p1A4,22.265736,-6.353519
cu02_p2r2H22,15.260654,-0.8877144
cu02_p2r3I17,26.052258,-9.151092
cu02_p2r1C4,24.529984,-6.787859
cu01_p2r1A19,23.884245,-7.6097
cu01_p2r3J14,19.461874,-8.857435
cu01_p1r2F11,21.437723,-8.212159
cu01_p1r3L13,21.7573,-8.739657
cu03_p2r2F15,22.39323,-4.93596
cu01_p1r3J18,21.395916,-8.827223
cu03_p3r4N7,23.597466,-0.27954128
cu03_p2r1A17,25.49199,-2.3367627
cu03_p1r3K15,24.518213,-1.806994
cu02_p2r1C3,27.638546,-6.1870856
cu02_p3r1B17,24.463552,-2.4893277
cu01_p2r2F3,24.42641,-5.998859
cu02_p2r1B2,24.929203,-8.783309
cu01_p1r1C19,27.233389,-5.1673403
cu02_p3r2E13,20.194473,-8.004844
cu01_p1r1B21,20.993351,-0.26431644
cu03_p4r1A21,20.786583,-3.5099685
eso29_p1C5,22.803999,-6.2653575
cu03_p1r4N16,25.751343,-3.9612846
cu01_p1r2F13,20.599117,-9.044578
cu03_p3r2F9,23.704618,-3.604766
cu03_p2r1C14,23.049616,-6.0433254
cu03_p3r3I8,25.003605,0.024116099
cu02_p2r4O14,23.860878,-3.1317568
cu03_p2r4M6,22.84783,-4.097042
cu03_p2r2G15,23.14513,-2.0950732
cu03_p1r3I4,20.36665,-7.579158
eso29_p2H2,15.235261,0.50866795
cu03_p2r1D15,20.309921,-6.322553
cu01_p2r2G10,20.520868,-8.396738
cu01_p2r2E14,19.739962,-7.0784907
cu02_p3r1D19,23.291687,-6.012208
cu03_p2r4O23,15.473969,0.2958518
cu02_p3r1B21,24.215948,-4.8186383
cu02_p1r4N20,25.73712,-0.5410147
cu02_p3r3J16,25.649805,-0.27917132
cu02_p1r1B18,24.15965,-1.80626
cu02_p3r4M20,22.155848,-7.2855406
cu02_p1r2H1,21.340586,-0.21370088
cu03_p3r2E4,23.41433,-0.76691663
cu01_p2r3L16,24.202404,-2.6555169
cu01_p1r2G3,22.213291,-0.3036765
cu02_p2r4O9,21.825518,-5.169401
cu03_p3r3J21,24.46691,0.44076025
cu01_p2r4N23,15.217463,-0.18345532
cu01_p2r1A15,22.754562,-4.6121736
cu03_p3r3L16,25.677597,-6.347945
cu02_p2r1B9,25.163765,-0.86211133
cu03_p2r3K6,23.705816,-0.28947055
cu02_p3r3J2,25.926754,-8.669948
cu02_p3r3K14,23.837,-6.8367825
cu03_p2r1A3,24.215824,-0.10864478
cu03_p2r3J10,26.863457,-6.7443457
cu01_p1r3L9,26.18765,-2.1181097
cu02_p1r4M17,24.156212,-1.1898068
cu03_p2r2H16,26.025574,-2.311339
cu03_p3r3L3,20.354223,-5.2065244
cu01_p1r4O4,20.744322,-0.9557197
cu03_p4r4O4,20.77725,-6.3336186
cu01_p2r4M23,15.244286,0.28692842
cu03_p3r1B7,23.69843,-3.1073108
cu01_p1r1A12,23.809956,-5.135175
eso29_p2D11,25.659164,-3.702452
cu02_p1r2H15,26.155733,-2.825981
cu02_p1r1B3,25.553532,-2.6783528
cu01_p2r1C14,22.224916,-7.007028
cu01_p2r2F8,21.112595,-3.736997
cu03_p1r2F8,26.497097,-8.01334
cu01_p1r3J24,23.242537,-8.040207
cu03_p3r1A2,25.63581,-8.33589
cu02_p1r1C12,25.432375,-5.1433744
cu03_p4r2H15,25.922737,-1.7869955
cu02_p3r3L19,20.94369,-6.629917
cu03_p4r4O15,24.866096,-8.70372
cu03_p3r3J18,21.703396,-7.9187956
cu03_p3r1B4,25.317415,-9.422975
cu03_p1r3J19,25.882992,-7.074778
cu03_p3r2H3,25.644403,-6.0554886
cu01_p1r2H6,27.283173,-6.741853
cu02_p3r2G14,23.966976,-4.6553817
cu02_p2r4O19,24.712484,-8.954464
cu02_p2r1D22,15.464588,-0.5466849
cu01_p1r3J9,25.86008,-7.6384716
cu02_p1r4M4,25.05326,-8.900471
cu02_p1r4N1,24.652153,-2.8371882
cu03_p1r2F10,21.52922,-3.6665878
cu03_p3r1D24,15.829242,-0.75441885
cu02_p1r3L1,23.393723,-4.1752987
cu03_p4r2E18,23.522205,-3.581732
cu02_p3r4M17,20.60173,-8.060289
cu02_p1r2H12,26.633312,-2.3039372
cu02_p1r4O21,25.666595,-1.3393312
cu01_p2r4N20,27.637615,-5.626804
cu03_p2r2F12,26.063791,-6.8673835
cu02_p1r3K23,15.513064,-0.51806533
cu02_p2r1A18,24.697844,-2.5638206
cu03_p2r1B18,26.287321,-7.389788
cu01_p2r2H15,26.696934,-5.3341823
cu01_p2r3J5,21.25049,-7.055444
cu02_p2r3I13,24.499859,-0.5041339
cu01_p2r2H3,20.660715,-8.975241
cu03_p2r1C17,25.014254,-1.3207763
cu02_p1r3I5,25.303057,-0.80128413
cu01_p2r1C13,21.554409,-9.503238
cu01_p2r2G8,26.034084,-8.154193
cu02_p2r3I3,19.974075,-8.844232
cu03_p4r1C1,24.713,-7.929568
cu03_p2r3L10,22.974075,-2.7450345
cu02_p2r3J1,24.520908,-1.7590429
cu02_p2r1B3,23.686094,-3.0084264
cu03_p3r4O18,22.441143,-1.9645329
cu03_p2r1A8,25.867159,-6.7733884
cu01_p1r2G23,20.501057,-8.394372
cu02_p1r1A3,22.262436,-9.431939
cu02_p3r3L13,25.488182,-0.4881896
cu02_p1r2F19,27.644957,-7.2966437
cu03_p3r1B12,21.462225,-7.264343
cu03_p2r3I20,23.74495,-3.6986234
cu03_p2r1A23,14.989063,0.05305117
cu01_p2r1A4,23.382376,-2.4796934
cu03_p2r1D18,21.10313,-6.828578
cu01_p1r3L22,25.376518,-3.1153002
cu03_p2r3L14,23.300158,-3.43122
cu02_p1r2G21,20.565788,-0.6749572
cu01_p1r3J5,21.89015,-9.651732
cu03_p3r1A20,22.16444,-5.9953694
cu02_p1r2E23,14.695098,-1.4688613
cu03_p2r2F3,26.44812,-6.57855
cu03_p1r4M5,24.560696,-6.869243
cu03_p3r2H5,23.472355,-5.977914
cu03_p4r1A12,20.930862,-4.7363033
cu03_p2r1C6,21.30401,-7.027366
cu02_p3r4N19,21.92631,-9.111979
cu02_p1r1D5,24.87521,-8.57257
cu01_p1r1B13,25.309008,-3.9462466
cu01_p2r2H16,23.786083,-4.3117876
cu03_p3r2G8,23.12767,-8.275985
cu02_p3r2E6,24.036573,-2.272984
cu02_p1r2H8,26.004732,-8.631299
cu02_p2r4M9,23.980127,-1.871597
cu02_p1r3J10,25.142523,-0.9895499
cu01_p1r4M20,21.902231,-9.017877
cu02_p2r2G3,21.211002,-9.138791
cu01_p1r1D23,20.630714,-7.344363
cu03_p3r1D12,21.999144,-4.0303607
cu01_p1r4N6,21.208195,-8.284107
cu02_p1r2F12,20.820429,-0.9432636
cu01_p2r2E3,23.382954,-6.3354363
cu02_p2r3L10,27.16492,-4.8232584
cu01_p1r2E22,20.534134,-8.384729
cu03_p3r2H6,27.648655,-6.471273
cu02_p3r2E14,19.176373,-7.5904236
cu02_p2r2G17,24.48293,-6.868715
cu02_p2r2F2,23.256226,-8.971243
cu02_p2r1C18,24.83032,-4.1759295
cu01_p1r1B11,21.629688,-9.577862
cu02_p1r1B2,21.181038,-7.5708423
cu02_p3r4O6,23.517416,-3.6972435
cu03_p2r1B22,15.065958,-0.04352739
cu03_p2r1B16,25.349726,-1.4512858
cu02_p3r3I14,25.13363,-0.6395151
cu02_p2r1D11,21.148111,-7.968273
cu01_p1r1A20,22.247355,-8.2216625
cu03_p2r2F2,25.83139,-1.8045907
cu02_p2r1B1,25.022724,-7.696805
cu01_p1r1C15,24.908915,-3.8627985
cu01_p2r2G7,22.425226,-4.406384
cu01_p1r1A10,25.837328,-2.7356887
cu02_p2r3K6,23.811262,-1.3148848
cu03_p2r3I12,23.844168,-8.936777
cu02_p3r2F12,22.997362,-2.9398458
cu02_p2r3K4,25.138681,-1.8068959
cu01_p2r1A22,15.120926,-1.5064788
cu01_p1r3L20,23.681906,-1.7354755
cu02_p1r4N3,21.293789,-7.6641283
cu03_p3r2G14,27.085077,-5.718281
cu01_p1r1D1,24.567398,-5.5401692
cu03_p2r4O20,24.53543,-2.419225
cu02_p1r1A6,25.132374,-1.1690217
cu02_p3r2H14,25.868244,-9.165249
cu01_p2r1B23,15.065848,-1.1321348
cu03_p3r3K4,21.790335,-4.616233
cu01_p1r2F14,24.30635,-4.760177
cu03_p4r4M6,22.616013,-4.1251073
cu02_p3r1A24,15.141275,-0.08722456
cu03_p4r2H3,22.6748,-8.292515
cu01_p2r3I19,24.170555,-2.1543915
cu03_p2r3J8,23.370697,-3.6809657
cu02_p1r3L3,23.951807,-3.0043042
cu03_p3r3I18,22.420486,-4.820142
cu03_p3r2H13,19.854025,-7.887254
cu01_p1r1D6,20.757853,-0.95998186
eso29_p2D1,22.947403,-7.467864
cu02_p1r2G18,25.915455,-2.6603255
cu01_p2r4N1,25.238977,-3.9589474
cu02_p3r2F3,24.707644,-2.4290814
cu03_p3r1C24,15.3130045,-1.3585049
cu02_p1r1D14,21.112902,-0.75499123
cu03_p3r3I6,23.505325,-0.45330718
eso29_p2A9,21.973722,-6.9442825
cu03_p3r1C17,25.874512,-6.108387
cu02_p2r2G5,24.767647,-5.665435
cu03_p2r1A10,26.906462,-6.0283093
cu01_p1r3K11,20.241224,-8.874691
cu02_p2r1C14,24.928501,-2.1061833
cu03_p2r4O1,24.340822,-7.8107567
cu01_p1r4O20,25.136799,-4.2611737
cu03_p3r4O8,22.915716,-2.881668
cu01_p2r3I7,20.615194,0.080947734
cu02_p1r3J23,15.7460575,0.010303208
cu01_p2r2F11,21.87498,-7.796614
cu02_p1r2H14,20.171824,-8.925055
cu01_p1r1A4,24.5365,-8.71073
cu03_p2r2H10,19.37028,-6.1606107
cu02_p2r4O4,24.744333,-2.8061614
cu03_p3r3J8,21.399393,-7.4539933
cu03_p3r4O3,22.665705,-2.8741772
cu02_p1r4N10,25.924261,-3.2883332
cu02_p1r1B21,26.669971,-7.8980703
cu03_p3r1B9,25.504818,-1.6333885
cu03_p3r1B15,23.718855,-3.6226935
cu01_p1r3I20,20.958055,-8.072353
cu02_p2r1A17,22.041782,-8.039003
cu03_p2r3L1,19.317247,-5.9233975
cu02_p3r3J13,24.540167,-1.3605349
cu01_p1r3I7,24.965487,-5.325073
cu03_p3r1D14,23.10915,-5.8626456
cu01_p1r4M14,20.06554,-8.010582
cu02_p2r2G15,24.991488,-3.6463401
cu03_p3r3I5,22.129847,-5.7221317
cu02_p1r2H13,23.15561,-7.4085927
cu03_p3r1D21,23.004341,-4.186585
cu03_p2r1B13,23.905132,-5.189639
cu02_p2r2F19,23.740114,-1.7067484
cu03_p2r1D8,26.009268,-6.5160155
cu02_p1r1B13,24.319742,-3.9551756
cu03_p2r2G16,24.32695,-7.020386
cu02_p2r2G9,21.299608,-7.8915358
cu03_p3r1D5,25.882513,-2.1118526
cu02_p1r3K19,24.334755,-8.546041
cu03_p4r1B1,21.046295,-4.957258
cu02_p3r4N14,21.662683,-8.274915
cu01_p2r3I14,27.4656,-6.5191727
cu01_p2r2G16,26.45883,-7.868207
cu02_p2r2H7,24.022274,-0.48975506
cu02_p3r2E5,26.30154,-3.9718034
cu01_p2r4M9,25.295353,-7.3928046
cu03_p3r1A22,16.355047,-0.9993357
cu03_p2r2E16,24.404467,-1.7147433
eso29_p1G5,22.368422,-1.6212877
cu01_p1r1B8,26.977278,-4.89752
cu02_p3r1C13,25.028065,-1.1539005
cu02_p1r3L20,24.642235,0.37928918
cu02_p3r2E21,19.463068,-7.233587
cu02_p1r2E2,21.450056,-0.43676108
cu02_p2r1A4,23.844275,-1.7428541
cu02_p2r1A21,25.037926,-9.1697445
cu03_p3r4M10,23.031754,-2.0647216
cu03_p1r3K4,19.46006,-5.8618684
cu02_p2r3L7,25.606714,-1.851922
cu02_p2r4O21,21.453627,-9.196613
cu02_p2r3L24,16.858974,-3.0882409
cu02_p1r2G5,24.945566,-5.676177
cu02_p1r2F20,24.124454,-3.3791955
cu02_p2r1A15,23.877565,-2.5110672
cu01_p1r3L12,25.711445,-0.9343967
eso29_p2G2,21.701918,-8.523757
cu01_p1r2G9,24.21924,-4.7939477
eso29_p2B7,24.75315,0.48928005
cu03_p4r2G5,22.733307,-5.961978
cu03_p2r4N14,19.514189,-8.778239
cu03_p3r4M7,24.072123,-1.5445566
cu02_p2r4N14,21.527304,-0.30095616
cu03_p2r1A11,27.74267,-5.8186245
cu03_p4r4N3,22.728516,-3.9292903
cu02_p1r1A11,24.783028,-2.2457836
eso29_p2E11,22.518217,-6.07651
cu03_p2r3K8,20.832233,-5.468492
cu02_p1r4O13,24.710876,-7.2924614
cu02_p2r2H16,25.026878,-3.253875
cu01_p2r4M17,24.0701,-3.143873
cu02_p3r2F16,20.253578,-6.37481
cu02_p2r2H6,23.566248,-3.898945
cu01_p2r4M15,27.079178,-4.9479055
cu02_p2r4N4,20.019701,-9.135538
cu03_p2r3L3,24.091845,-5.1520267
cu03_p2r1C11,24.785673,-3.2753882
cu02_p1r4O16,23.523525,-3.2239804
eso29_p2D9,20.169748,-9.195439
cu03_p3r4M9,20.653883,-6.764412
cu02_p2r2G18,22.470377,-9.2421055
cu01_p1r2E12,21.395674,-8.882977
cu02_p2r2F15,25.483124,-3.4678836
cu01_p2r2G23,14.342551,0.13091718
cu02_p2r2H17,25.4824,-1.6829638
cu02_p3r1A9,18.711277,-7.9684577
cu02_p2r2E12,25.658049,-9.466062
cu03_p3r3I11,22.563282,-2.5527706
cu01_p1r1A21,20.067324,-8.907588
cu02_p2r4M8,24.423595,-4.9341917
cu03_p1r1B15,26.690928,-5.863881
cu02_p2r1A8,24.377533,-4.157616
eso29_p2E6,25.928255,-3.8988364
cu03_p3r2H23,16.825943,-4.0766068
cu02_p3r2G6,24.248734,-3.7574463
cu03_p2r3J18,26.530685,-4.5607553
cu03_p3r4N19,22.05306,-3.2680702
cu01_p1r3I22,23.956429,-8.293147
cu02_p1r4M14,26.87232,-5.676381
cu01_p2r1D19,25.376358,-8.357074
cu03_p2r4M10,26.286608,-6.852914
cu01_p1r1A22,22.148222,-3.007745
cu02_p3r2H20,23.379036,-9.3238325
cu03_p4r2H13,26.53586,-8.081953
cu02_p2r3I20,27.40359,-5.4492054
cu01_p2r1A11,21.114115,-7.779475
cu02_p3r3J15,24.91927,-0.8252682
cu02_p2r2F7,25.781857,-8.573172
cu02_p3r3L17,24.215319,-2.978818
cu01_p2r3L8,26.925781,-8.271888
cu02_p2r2H20,24.837156,-2.9406662
cu01_p1r1B14,24.752075,-1.4837787
eso29_p1B4,21.334028,-7.1898637
cu01_p2r2F20,24.085724,-6.53372
cu02_p2r4N16,21.073145,-0.19843823
cu03_p3r3K13,26.840708,-6.8493795
cu01_p1r2E19,18.917227,-8.284219
cu01_p1r3K21,20.553736,-8.04407
cu02_p2r2G8,26.92401,-5.854797
cu03_p3r1C16,25.74415,-6.6787972
cu02_p1r1B4,25.392967,-0.27131942
cu02_p3r2G5,22.056646,-9.584014
cu03_p4r2G6,22.715439,-8.011558
cu02_p3r4M23,16.873108,-2.8944132
cu01_p1r4N1,25.188541,-5.158947
cu02_p1r3K8,24.463718,-8.43469
cu03_p2r3I14,22.429169,-5.1487246
cu03_p2r1C12,24.071453,-6.9605427
cu02_p1r3L24,15.121586,0.06606324
cu02_p3r1C24,14.411461,-1.1219147
cu03_p2r3L24,15.285012,0.34054467
eso29_p2D5,23.253418,-7.638579
cu01_p2r4O17,26.302803,-6.0280643
cu02_p2r2E24,26.19961,-6.882525
eso29_p2D2,27.15922,-7.9723296
cu03_p2r4N9,25.40454,-3.0499547
cu03_p4r4M22,15.640881,-0.6301516
cu03_p3r4O22,17.268433,-3.9726276
cu02_p1r2H2,22.780653,-2.5482268
cu03_p2r2F17,26.222233,-6.780472
cu02_p2r3K1,24.22001,-6.4819684
cu03_p3r3I16,22.245039,-4.041102
cu03_p3r2H17,24.034449,-4.0303893
cu02_p1r2G15,23.90569,-1.1516612
cu03_p3r1C21,25.569801,-6.0913334
cu03_p3r2H21,24.324898,-0.2480043
cu01_p2r4N21,20.921583,-1.2985265
cu03_p1r1A4,24.952816,0.22936307
cu01_p2r4M5,21.976877,-8.0391245
eso29_p2B4,20.941748,-7.6105895
cu01_p1r1A1,20.79142,-1.563298
cu02_p3r3K20,27.340534,-7.105019
cu03_p2r1D17,25.167633,-0.78644496
cu02_p1r4O1,23.82372,-2.4323978
cu03_p3r4O15,23.718498,-2.1517587
cu01_p1r1D19,23.489347,-2.025416
cu03_p2r1D16,26.05997,-5.283962
cu03_p3r3K17,23.04306,-3.8253067
cu02_p1r1B8,24.878458,-0.9201393
cu02_p1r1D19,25.52906,-2.8739889
cu01_p1r3K6,20.040718,-9.410772
cu03_p4r1B14,21.051666,-4.5040784
cu02_p1r4O2,25.588026,-2.2289903
cu02_p2r3J4,20.71786,-8.215631
cu03_p3r1B8,25.255272,0.47210208
cu03_p3r4N9,23.048925,-2.5606983
cu01_p1r1D13,26.938475,-6.593531
cu02_p2r4O3,24.110329,-1.4628083
cu01_p1r4N17,25.836527,-1.8479239
cu02_p1r1D21,25.562822,-9.419551
cu03_p3r1A10,23.852669,-7.2280025
cu03_p3r3L19,26.035677,-4.9121532
eso29_p2D12,25.789507,-7.1623697
cu03_p2r2G2,23.207357,-5.2185717
cu01_p1r3J17,25.63187,-9.471416
cu03_p3r2F18,21.11007,-5.74377
cu03_p3r2H20,22.384897,-3.8662071
cu03_p4r4N12,24.43756,-0.111678466
cu02_p2r3K20,22.904556,-9.290032
cu03_p1r4M18,21.675558,-4.462278
cu03_p2r3K10,23.718107,-5.4792414
cu03_p2r4O18,22.879173,-8.092989
cu02_p1r2G12,25.280176,-2.5319958
cu03_p2r4O13,24.139988,-0.30179
cu03_p3r4O11,23.768763,-6.73905
cu03_p1r3L24,14.227403,-0.5379488
cu02_p1r4O15,23.624334,-2.7096639
cu02_p3r2H1,27.217691,-4.757234
cu03_p2r2H13,26.002748,-1.9855944
cu01_p2r2G14,22.246145,-5.734055
cu03_p2r2F9,24.133059,-8.968889
cu03_p2r2H23,14.950318,0.11721259
eso29_p2A4,21.237587,-8.359943
cu01_p1r1A17,25.44284,-3.809772
cu03_p2r2E8,25.76712,-6.476575
cu01_p2r4O20,27.500381,-6.5885615
cu02_p1r3K21,24.550428,-3.531403
cu02_p2r3I6,21.285583,-8.829627
cu03_p4r2F19,21.592316,-4.8051972
cu03_p2r3L16,23.317902,-0.52666885
cu02_p2r2G13,25.413261,-8.890915
cu03_p3r1B17,22.474031,-4.012614
cu02_p1r1C5,27.242424,-6.4093847
cu02_p1r3J3,23.76772,-1.0120729
cu01_p1r1D4,21.163492,-8.43728
cu02_p3r3J9,25.937551,-9.433441
cu03_p3r3J7,24.070229,-2.8690867
cu03_p2r2F6,25.418295,-5.8874493
cu03_p2r1A4,25.164623,-8.031336
cu03_p4r4O2,25.602528,-8.470798
cu01_p2r3J1,24.016996,-2.4283273
cu02_p2r2E3,24.752647,-2.927161
cu02_p2r4N9,22.756207,-8.944533
eso29_p2C9,18.618065,-8.278392
cu03_p1r4M2,23.503153,-7.6931353
cu03_p2r3J6,23.682966,-8.332177
cu02_p2r3J18,24.653128,-3.6991923
cu02_p3r3K6,23.60431,-2.8656754
cu03_p3r4M4,25.522856,-6.0756674
cu01_p1r4M17,20.732159,-9.321265
cu03_p1r2G20,23.638327,-6.4352307
cu01_p1r4O19,22.636583,-2.810112
cu02_p1r3L14,20.108772,-8.313317
cu03_p4r1C12,21.366917,-4.8037777
cu01_p1r3L18,24.122677,-5.294719
cu01_p2r1A6,22.32092,-7.5988107
cu03_p2r4O12,25.098612,-6.7624035
cu02_p2r4N8,25.63879,-0.3635901
eso29_p2D8,22.1563,-8.59616
cu02_p1r2H22,14.842526,-0.1735693
cu02_p2r1B10,25.109856,-3.5779338
cu03_p4r4N17,19.752554,-5.5686975
cu02_p1r1B10,28.015348,-6.6510396
cu02_p2r3L3,25.24542,-2.0731888
cu03_p2r1D2,26.261034,-7.1607475
cu02_p3r1D5,19.469973,-8.010051
cu01_p2r1C18,25.990032,-4.825747
cu02_p3r1C16,23.564024,-3.2677314
cu02_p2r2E19,26.272429,-9.094718
cu02_p3r4M6,23.728666,-1.0771129
cu02_p1r2G16,21.257923,-0.5065677
cu01_p1r2F24,23.682281,-2.968554
cu01_p1r2F7,24.86478,-4.912994
cu02_p1r3L16,26.25276,-2.4962902
cu03_p2r3J11,22.767231,-5.849
cu02_p3r4M19,20.165865,-8.7242155
cu02_p3r4N9,23.169426,-0.85469455
cu02_p1r2F6,26.925184,-7.8475304
cu02_p2r1B17,22.762836,-9.250425
cu02_p2r3I10,20.85263,-8.13527
cu01_p1r3L16,20.449318,-9.121652
cu03_p3r3K18,23.050568,-4.128959
cu02_p1r3J9,25.264143,-9.686628
eso29_p2C3,23.338552,-2.6577897
cu02_p3r1C14,23.280151,-5.3310876
cu03_p3r2E19,23.246384,-1.4603517
cu03_p3r4N11,25.130651,-5.222351
cu01_p2r2F21,15.653864,-1.306937
cu03_p3r4N24,14.047907,-0.2007952
cu03_p3r1A8,24.689192,0.7564367
cu02_p2r4M20,26.808872,-2.6566553
cu03_p1r3L21,21.085653,-3.4369366
cu03_p3r2E11,22.680338,-2.8472974
cu03_p1r3I3,20.798437,-3.915269
cu03_p3r1B21,24.390972,-6.807794
cu03_p2r2F23,14.111644,-0.79801387
eso29_p2A5,22.2053,-7.132863
cu01_p1r1A15,21.134912,-8.118729
cu01_p2r1D16,24.937801,-3.392845
cu03_p1r1A9,20.857292,-4.2627993
cu03_p1r4O5,22.63017,-2.9777122
eso29_p2G7,20.339687,-7.6003113
cu03_p2r4M5,23.742167,-5.7488766
cu03_p1r4M4,25.446278,-4.1276507
cu03_p3r1C23,14.639941,-2.085417
cu01_p2r3K2,24.097157,-2.446749
cu01_p2r2F13,25.068054,-6.2020545
cu02_p3r4N17,27.070953,-7.950455
cu03_p3r2E16,22.90086,-2.972334
cu03_p3r1C2,24.359919,-4.072667
cu03_p4r4N4,23.20529,-4.6655593
cu01_p2r2H9,26.259768,-4.6956906
cu03_p2r3J7,23.129585,-8.245851
cu03_p4r1C10,23.043535,-2.893421
cu03_p4r4M12,24.874073,-1.2939836
cu03_p4r2G7,24.930489,-7.415838
cu03_p2r1C3,25.82886,-5.1547203
cu03_p2r3L21,22.605803,-2.6283085
cu02_p2r2H8,24.96476,-9.107602
cu03_p2r2H4,25.606562,-0.6827712
cu01_p2r2E4,21.28165,-1.179855
cu02_p1r4N23,14.984943,0.2567507
cu02_p3r4O20,25.06403,-2.272898
cu02_p1r2E21,24.598835,-1.7039341
cu02_p1r1A7,22.68302,-7.405572
cu02_p1r3L4,25.341312,0.010863876
cu02_p2r2F4,24.911127,-8.983555
cu01_p2r4O12,26.778217,-4.3988605
eso29_p2H7,15.358517,0.21513675
cu03_p3r4M23,16.865423,-4.1910405
cu03_p3r2E21,22.367626,-2.363462
cu03_p1r4M1,23.14808,-7.3864355
cu03_p2r1A16,24.99565,-5.371206
cu01_p1r2E14,25.72162,-9.409994
cu03_p3r3K22,14.832761,-1.1767331
cu02_p2r2F6,23.228811,-3.1881745
cu01_p1r4M16,27.311853,-7.9159884
cu03_p2r4O3,24.641108,-8.048498
cu02_p3r4M9,26.704762,-7.4606137
cu02_p3r4M22,16.464952,-2.8808162
cu02_p1r4N15,24.313229,-8.131069
cu01_p2r3K7,24.78524,-8.670543
cu01_p2r3I12,19.840393,-7.945093
cu02_p2r1A6,25.561653,-1.5329746
cu02_p3r4M3,27.048353,-4.720091
cu03_p2r1A14,26.639585,-1.7104487
cu02_p1r2F17,27.652163,-6.3769846
cu01_p2r1D4,26.099993,-4.9647346
cu03_p3r3L9,24.501907,-2.6405358
cu01_p1r1D18,21.178776,-8.725445
cu02_p1r4M3,23.682474,-1.535263
cu01_p1r1A16,22.857985,-7.4427857
cu01_p2r4M16,20.912096,-7.2950974
cu03_p4r4O8,25.332138,-4.028154
cu03_p3r2E18,23.845146,-2.6855617
cu03_p3r1C15,24.27657,-1.4730574
cu02_p1r2F21,25.369196,-0.3441552
cu03_p2r3I19,26.471308,-6.8611794
cu02_p3r1C18,23.48348,-5.5345926
cu02_p1r1A4,26.415186,-7.715294
cu01_p2r4N7,23.955227,-4.291633
cu02_p2r4N2,26.09196,-3.5291278
cu01_p1r1C9,20.397596,-8.6123295
cu01_p1r2G19,20.324549,-7.8248773
cu03_p3r3L1,27.183535,-7.5894623
cu02_p2r2F21,21.710718,-8.225061
cu03_p4r4M18,22.977163,-6.8649054
cu03_p2r2H2,25.06357,-5.467422
cu03_p1r3K13,22.726652,-1.7670443
cu03_p2r2H5,19.053226,-6.351595
cu03_p2r2H24,14.5246105,-0.101528406
cu02_p2r2H21,25.446772,-2.0711174
cu02_p2r3K19,25.850409,-4.2258983
cu02_p3r4N23,16.796429,-3.9911172
cu01_p2r1D21,15.363079,-1.323621
cu01_p1r4O14,21.938095,-7.876692
cu02_p2r1A24,16.709335,-4.330033
cu01_p2r3K22,15.631174,-0.67080927
cu02_p2r2H24,15.797397,-0.3579434
cu02_p1r2E7,25.120903,0.5185281
cu03_p2r4N10,27.755985,-6.3486643
cu01_p1r4N12,27.358913,-7.1555266
cu01_p1r1D22,22.019358,-9.124724
cu03_p2r4O5,25.665934,-4.5839047
cu02_p1r2F13,25.959932,-8.027393
cu03_p2r2H18,20.986435,-6.154012
eso29_p2F3,20.169699,-7.9286523
cu03_p4r1D10,22.711512,-7.8095284
cu02_p1r3I16,26.23701,-8.4921055
eso29_p2A8,24.317698,-4.207426
cu01_p2r3L21,26.88413,-7.54646
cu03_p2r3J15,24.846373,0.19827484
cu01_p2r2F10,24.65033,-4.9010315
cu03_p3r2F16,24.407612,-3.2300873
cu01_p1r2E17,21.144434,-3.1969762
cu02_p3r3I24,15.667776,-0.8281149
cu02_p1r3J1,26.906954,-6.18444
cu03_p2r3K17,25.014658,-2.593353
cu03_p3r1D20,23.026434,-7.60729
cu02_p2r4M21,21.988325,-8.643156
cu01_p2r1B22,14.46211,-0.5985395
eso29_p2C12,23.690575,-9.151317
cu02_p3r3L7,25.458254,-1.4878942
cu03_p2r1A24,15.258505,-1.5202645
cu02_p3r2G7,22.097853,-9.434002
cu01_p1r2H18,23.032156,-9.003537
cu02_p3r3I6,26.027948,-1.6592195
cu03_p3r2F24,14.526261,-1.2991011
cu01_p1r2F1,21.044474,-0.45037934
cu03_p1r2H8,21.205471,-4.078891
cu02_p2r1C16,27.125233,-6.921562
cu01_p1r4M8,26.39716,-1.4216639
cu01_p2r1B21,14.953808,0.34466088
cu03_p2r4M15,25.320627,-1.6607491
cu03_p3r2E15,27.042059,-6.127767
cu03_p2r4O8,22.264654,-5.4234724
cu02_p2r2G24,16.667244,-2.8615184
cu01_p1r4N7,20.255291,-7.279344
cu01_p1r1D8,21.529993,-9.053164
cu02_p3r3K2,19.920557,-9.19653
cu03_p3r2G5,22.965977,-8.395982
cu03_p3r3K6,21.805824,-4.048952
cu02_p2r3J11,27.596643,-7.276075
cu01_p2r4O22,16.570322,-3.8295922
cu01_p1r1D15,21.964144,-8.676713
cu03_p2r3K13,24.55464,-6.3654532
cu03_p2r3L4,25.58454,-1.647996
eso29_p1A5,21.668663,-6.8135304
cu02_p2r3I19,25.316425,-8.522889
cu01_p1r2F23,21.30907,-9.070518
cu03_p2r4M4,26.870623,-6.5484705
cu02_p3r4N15,20.19145,-9.154184
cu03_p3r3I19,24.377306,-8.392355
cu02_p1r2E3,25.085796,-8.523583
eso29_p2B8,23.066332,-6.8152647
cu02_p2r2F13,25.761093,-9.268807
cu03_p2r1B20,23.776735,-5.9960966
cu02_p2r1A11,24.930153,-2.9437475
cu02_p2r4O22,16.882433,-4.164495
cu01_p1r3K23,25.775955,-8.929319
cu03_p3r1C13,23.976795,-7.132942
cu03_p2r3I22,15.164998,-0.27163935
cu03_p3r4M21,23.702581,-2.0410023
cu03_p1r2H5,16.286499,-1.0104768
cu01_p1r4O10,20.547544,-7.938916
cu01_p2r3L19,27.112282,-6.0325885
cu01_p2r4M11,25.004337,-5.391455
cu03_p4r2H2,22.28541,-8.011305
cu01_p1r3J23,24.079855,-4.2753797
cu03_p3r1D7,24.99436,-8.055882
cu02_p1r2G13,25.850239,-0.43956783
cu02_p2r1D24,14.850997,-0.2344661
cu02_p1r2G19,24.704166,-2.1290028
cu01_p1r1C17,19.902477,-8.90592
cu02_p2r1A9,25.0751,-3.2190077
cu03_p3r1A12,24.421312,-0.5425991
cu03_p2r3L18,25.740122,-8.013672
cu03_p2r4N21,25.204617,-4.1923604
cu03_p3r1C9,21.890982,-9.230605
cu02_p3r2H2,21.067392,-8.868869
cu03_p3r1D22,15.11052,-1.8916374
cu02_p3r3L3,25.318155,-3.4294026
cu03_p3r4O10,26.020323,-8.655557
cu03_p4r4O1,23.565529,-7.824503
cu01_p2r1A16,19.761591,-8.220906
cu02_p2r1B20,24.755888,-2.274652
cu02_p2r2G1,23.957872,-5.402937
cu01_p2r2E6,24.579857,-3.7796524
cu03_p2r3J3,24.2212,-8.558504
cu02_p2r2E6,22.677284,-9.06072
cu03_p3r4N23,17.071142,-4.287158
cu02_p1r1C24,14.836927,-0.20802031
cu03_p2r1B17,25.240599,-1.0139836
cu03_p1r2E17,25.621338,-2.1432848
cu01_p1r2F6,24.134035,-3.407625
cu02_p1r2H21,20.74958,-1.4352441
cu01_p2r1A18,22.176313,-8.51886
cu03_p2r1D3,25.968956,-8.341446
cu01_p2r3L15,22.17343,-8.448863
cu03_p3r3J2,23.476976,-7.3848987
cu01_p2r1B10,26.695295,-7.377226
cu02_p3r4O1,24.486525,-7.560965
cu03_p3r2F1,25.546446,-8.59624
eso29_p2H6,16.63811,-2.5373216
eso29_p2F12,21.38242,-9.565298
cu03_p2r2G24,16.697184,-4.2015767
cu03_p3r3L20,21.755962,-7.9368463
cu03_p3r4N22,15.776631,-1.6747211
cu03_p1r4O6,23.181166,-0.6499905
cu02_p3r4O17,26.55182,-4.5649786
cu03_p2r2G12,22.440403,-5.9688463
eso29_p2G12,16.94616,-2.9368138
cu02_p2r3K11,25.89655,-0.81007934
cu01_p2r1B5,20.40684,-8.706437
cu01_p2r3L2,24.33281,-2.2942564
eso29_p2F5,22.439636,-7.1824117
cu02_p3r3L5,26.383625,-5.868916
cu01_p2r2E12,26.579172,-8.072414
cu01_p2r3L9,27.78596,-6.6094227
cu03_p2r4N4,22.42493,-5.013209
cu02_p1r4M7,22.724253,-2.853488
cu02_p1r1C2,26.036686,-0.84599257
cu01_p1r4M23,19.354815,-8.359994
cu02_p3r2G3,26.324179,-8.98249
cu03_p2r3L7,22.986841,-5.5700884
cu03_p2r2H9,23.793453,-3.5992446
cu01_p2r3I5,20.718151,-7.2195654
cu01_p1r4M18,20.542871,-0.37862673
cu02_p1r4O20,24.291885,-2.5995579
cu03_p2r4N2,24.898748,-6.798859
cu03_p3r4M16,22.400826,-3.7240255
cu03_p1r1B1,22.184965,-3.8155532
cu02_p2r3L11,23.9951,-8.064951
cu01_p2r2H10,19.955421,-8.290688
cu01_p2r3I16,20.532745,-7.562498
cu02_p1r3J18,24.69821,-0.5803688
cu02_p1r2G20,26.275103,-5.576664
cu01_p1r3K14,25.011086,-3.8012779
cu03_p4r4M8,23.801752,-6.3395276
cu01_p1r3K19,21.6239,-8.742096
cu02_p1r4O11,24.033382,-8.988497
cu03_p2r2E6,24.696424,-0.5287473
cu03_p3r1D1,25.133848,-0.36743727
cu02_p3r3K17,25.064734,-0.82584095
cu02_p2r3I12,24.839058,-1.790881
cu02_p2r2G11,26.215858,-1.6083006
cu02_p2r4N7,23.054834,-7.9338236
cu03_p1r1D17,22.331594,-3.7373705
cu02_p2r3J13,26.545921,-8.496623
eso29_p1E4,21.916983,-7.36684
cu01_p2r1B7,21.586084,-8.589481
cu01_p1r4M21,20.425695,-9.164119
cu01_p2r2H20,19.569502,-8.575579
cu02_p3r4O13,24.482897,-1.0983173
cu03_p3r1D23,16.04095,-0.5986422
cu03_p3r2F8,24.035046,-1.5522342
cu02_p2r1C9,24.685312,-9.143219
cu02_p2r1C20,20.48942,-7.513301
cu01_p1r2E18,26.552633,-6.3942094
cu03_p2r3J13,22.821892,-5.0650697
cu01_p1r4N4,20.54719,-1.2998887
cu01_p2r4N10,19.768799,-8.864608
cu03_p3r4M14,20.924133,-5.298873
cu01_p1r3L3,20.78189,-0.28330335
eso29_p2B11,23.774391,-5.661081
cu03_p3r1C4,24.176533,-1.4847672
cu03_p3r2H2,23.893957,-6.8727293
cu03_p3r2H12,25.901323,-3.127198
cu03_p3r3L13,24.569601,-7.932928
cu02_p1r3I13,20.250364,-7.049246
cu01_p2r1A21,15.099779,0.44576973
cu03_p3r2G17,25.412266,-2.8938532
cu03_p2r2E24,14.733706,-1.3930109
cu03_p1r3K1,19.579762,-6.320029
cu02_p2r3J9,27.037893,-6.1000266
cu02_p1r1B6,22.37342,-9.220155
cu02_p3r3L14,25.702845,-3.227988
cu02_p2r4M10,24.046421,-1.8630736
cu01_p2r2H2,20.952515,-8.254942
cu02_p1r4M21,26.8313,-4.73297
cu02_p1r4N21,24.927988,0.019960385
cu03_p3r1A4,25.04894,-0.75072753
cu03_p2r3K7,21.753937,-4.385984
cu01_p2r1B13,23.763319,-8.453701
cu01_p2r4N17,26.663216,-2.4373
cu01_p1r2H11,21.43909,-9.438634
cu02_p2r2F24,15.204539,-0.54985094
cu02_p1r2E10,24.584042,-1.1731517
cu01_p1r3L21,23.264006,-3.9574387
cu03_p3r1A13,25.09,-7.847226
cu02_p2r3L13,27.376177,-7.7026596
cu03_p2r4O24,14.154559,-1.5006635
cu01_p1r3K22,24.313004,-1.2539591
cu03_p4r1B7,25.875998,-3.5897665
cu03_p3r3J14,21.800962,-5.117275
cu03_p2r1A19,24.41779,-3.1894937
cu03_p2r3J1,26.193485,-1.2890358
cu02_p1r3J14,24.41963,-5.1176834
cu03_p3r2G16,23.822845,-5.4814014
cu02_p2r2G22,15.693845,-0.4391856
cu02_p1r2H10,25.946491,-2.2504544
cu01_p2r1C21,14.461971,-0.9391524
cu01_p2r1C20,26.717571,-5.021327
cu03_p2r2F1,24.738693,-8.442705
cu01_p1r3J19,21.711353,-8.688717
cu01_p2r4O16,19.52468,-8.0684805
cu03_p2r4O2,22.4796,-3.463806
cu01_p1r2H15,20.673428,-8.292998
cu02_p1r4M19,27.096367,-6.2980003
cu03_p2r2F22,14.24056,-0.7078634
cu03_p2r4M16,23.299572,-6.688101
cu02_p2r1D6,20.115088,-9.042843
cu02_p2r4M23,15.711709,-1.1143715
cu03_p2r2E13,25.6322,-2.8356276
cu01_p1r3J15,24.672153,-1.8620955
cu03_p2r1D20,22.463585,-6.1999044
cu03_p2r4M13,24.895952,-6.978655
cu03_p3r1D4,21.756807,-5.390154
cu03_p1r1A11,21.09351,-2.8172083
cu02_p1r4M8,24.912775,-1.8009721
cu01_p2r2H24,14.955044,-1.7343242
eso29_p2F7,27.196873,-5.3304944
cu02_p3r2H15,24.063955,-7.739361
cu03_p4r2H24,14.624572,-1.560439
cu02_p2r3L8,26.846285,-7.6140504
cu01_p2r2H13,20.497164,-7.7361226
cu02_p2r3J15,22.030268,-8.75922
cu02_p2r1C13,24.586658,-8.701572
cu03_p4r4O21,20.794199,-4.9825478
cu02_p3r2G18,23.696665,-8.150801
cu03_p2r3I7,22.764084,-7.861212
cu03_p1r4N9,21.586845,-5.0261273
eso29_p2H4,16.661846,-4.110419
cu03_p3r3I22,15.182457,-1.981653
cu02_p2r1B23,14.481018,0.38191992
cu01_p1r3L11,24.50953,-3.5796163
cu02_p1r2G10,24.987354,-2.01072
cu01_p2r2G2,24.403461,-3.8280573
cu02_p1r1A2,23.605967,-8.13963
cu03_p1r4O4,22.000051,-2.1997678
cu02_p3r1D11,18.972559,-7.3176775
cu03_p2r2H15,23.199554,-2.4136877
cu03_p2r3K19,23.795244,-7.1525946
cu03_p3r3I12,23.59251,-0.30218926
cu01_p1r4N19,26.509243,-2.4364355
cu01_p2r4O7,20.578043,-1.6594443
cu03_p1r4N6,23.640911,-4.1779275
cu01_p1r2H23,20.653656,-7.2073193
cu01_p2r1D22,15.215786,-1.3394964
cu03_p3r3L24,14.95883,-1.993879
cu03_p3r3L15,23.374277,-0.7496597
cu03_p3r2G2,21.076855,-5.9807224
cu02_p3r1B18,25.363436,-4.6481223
cu01_p1r2E24,24.499674,-1.6380737
cu02_p3r2G13,23.431692,-4.008183
cu02_p1r1D15,25.337082,-0.27324784
cu01_p1r4N21,26.419323,-6.254126
cu03_p2r4M14,23.135496,-7.231736
cu02_p2r3J22,17.026941,-4.0875735
cu03_p2r2H7,23.040066,-4.3208847
cu02_p1r2G7,23.237024,-8.091847
cu03_p4r4N11,25.68985,-6.904908
cu03_p3r4M20,21.729202,-6.2097106
cu01_p2r1A13,21.488691,-8.103776
cu02_p1r1C8,23.744766,-6.6930194
cu02_p2r2E21,26.572685,-1.500557
cu01_p2r4M19,26.671669,-4.3489885
cu03_p2r2F14,26.156986,-9.118715
cu01_p2r3J23,15.087315,-1.5933554
cu03_p3r2E9,25.891676,-4.7521415
cu01_p2r3I9,25.525875,-3.3176994
cu01_p1r3K4,21.34295,-9.437592
cu03_p2r1A2,26.475332,-4.0314736
cu03_p2r3K11,27.049023,-6.715977
cu02_p3r3L20,25.00015,-8.271037
cu01_p2r1D9,24.6972,-6.0336356
eso29_p1F5,21.528929,-3.968084
cu01_p2r1C6,22.002478,-8.028676
cu03_p4r1B13,20.582146,-4.1552196
cu03_p4r2E5,21.832827,-4.661825
cu03_p1r1C21,22.426117,-2.5622888
cu02_p2r2H3,20.981401,-9.131509
cu02_p2r1C21,25.064877,-5.058468
cu02_p1r3J20,23.326555,-0.7114794
cu01_p2r4O14,26.04451,-2.2496827
cu01_p1r2F21,24.969799,-8.643735
cu01_p1r2E21,23.327065,-7.931611
cu02_p2r4M6,24.806416,-3.671478
cu03_p2r3I17,24.213306,-3.812852
cu02_p1r3I4,24.780031,-0.8426729
cu02_p2r3I5,24.853981,-4.817509
cu01_p2r2H19,23.142258,-8.858205
cu02_p2r2E8,27.24707,-7.611632
cu03_p2r4M18,26.13465,-8.545668
cu03_p2r2F4,24.150791,-2.421732
cu03_p3r4M15,23.680239,-3.104208
cu02_p2r1D19,27.531288,-5.272971
cu01_p2r3L7,25.373293,-8.468741
eso29_p1D4,23.798946,-2.7807589
cu02_p1r1A18,25.222975,-3.309178
cu02_p3r3J23,14.377664,-0.4685999
cu02_p2r3I9,25.18385,-3.8681993
cu03_p3r2H9,27.393993,-5.6421647
cu03_p4r2F17,25.616116,-7.2660394
cu02_p2r1D4,26.461159,-7.595364
cu02_p1r2G11,23.675728,-9.111775
cu03_p3r3I17,24.804007,-3.065837
cu03_p2r2E9,26.500381,-5.1390066
cu02_p2r3L14,22.17827,-9.055563
cu03_p3r3I2,23.558659,-4.149151
cu02_p2r4M3,23.252895,-4.400519
cu01_p1r2G17,19.692326,-7.965263
cu02_p3r4O21,25.691526,-2.8403885
cu01_p1r2H8,24.383127,-4.5733957
cu02_p1r4N11,24.416805,-1.021678
cu01_p1r4O15,21.315811,-9.258326
cu01_p1r3K5,24.812311,-4.449772
cu02_p1r3K10,24.452276,-8.861102
cu01_p1r1B23,24.467215,-5.7247744
cu02_p1r1D7,26.17223,-2.554425
cu02_p1r1B22,14.282556,-0.025684023
cu01_p1r4O9,20.43029,-8.04316
cu01_p1r1B10,23.218168,-6.195006
cu02_p2r3J12,26.609386,-7.9591107
cu02_p1r2E4,24.949453,-3.6556869
cu03_p3r4M18,25.07072,-7.704565
cu01_p2r1B1,23.291485,-1.7154441
cu03_p3r4M2,24.484015,-7.7497764
cu02_p3r1C7,20.261953,-8.36979
cu01_p2r4O2,21.434845,-4.507052
cu01_p2r4O21,20.845211,-7.513568
cu02_p2r2F11,26.02917,-1.2280078
cu03_p3r1D18,24.86868,-0.6281297
cu03_p2r1D4,25.580452,-6.638482
cu02_p2r1A16,24.649452,-4.1393447
cu03_p2r4O21,25.558945,-0.063589826
cu03_p3r2G20,20.307537,-5.5399375
cu03_p3r1C12,24.44073,0.21022208
cu03_p2r2E18,26.309238,-5.3151917
cu01_p1r4N14,20.210863,-6.3127437
cu03_p1r2F16,26.0833,-6.0540605
cu01_p1r1A6,25.702782,-1.9261396
cu03_p3r1D3,25.455666,-6.2349167
cu02_p1r3J19,27.258774,-6.6817365
cu01_p2r1D6,25.68802,-5.023993
cu01_p1r3I15,25.518812,-8.999238
cu03_p3r4N16,21.82208,-6.357611
cu02_p1r3I3,25.433237,0.05850273
cu02_p3r4N21,25.965021,-0.5896091
cu01_p2r1B20,26.509357,-4.524272
cu02_p2r2E10,25.91278,-8.539425
cu02_p2r3L1,25.044363,-3.2780972
cu02_p2r4O15,24.718958,-2.078205
cu03_p1r4N1,25.435825,-7.3439393
cu03_p1r2H24,14.443602,-0.4990445
cu03_p3r3I21,23.71649,-0.7593994
cu02_p1r3J4,24.1299,-3.1193826
cu01_p1r1D20,24.831085,-8.497535
cu03_p2r1D22,14.259985,-1.702586
cu03_p2r1B7,25.689905,-5.6472535
cu02_p2r4M18,24.602095,-9.237627
cu03_p3r2E3,21.962967,-5.0770707
cu03_p2r2G3,24.82197,0.52753067
cu02_p1r3K17,20.007664,-8.444435
cu03_p3r2F17,22.048767,-3.9764738
cu02_p2r3L2,23.725742,-2.8513925
cu01_p1r3K1,20.576357,-0.0012944313
cu01_p1r4M5,25.907309,-2.3162398
cu01_p1r1D3,25.3538,-4.2691593
cu02_p3r4N1,27.819735,-6.947967
eso29_p2G1,21.527996,-6.2662826
cu03_p3r2E8,22.957308,-3.3960948
cu03_p3r4N3,23.023048,-5.1837683
cu03_p3r4N2,22.960684,-1.539383
cu03_p4r4N2,24.589792,-2.2253623
eso29_p2D10,23.571444,-4.496003
cu02_p2r3L20,19.793737,-8.56567
cu02_p1r4N13,24.497604,-2.2593226
cu02_p2r3L19,24.471348,-0.79584795
cu01_p1r2H14,25.766806,-1.0262154
cu02_p3r3L4,26.979038,-4.99641
cu02_p1r2G8,24.8671,-1.6541239
cu03_p1r3K6,23.086695,-4.0111723
cu03_p1r2E3,25.489134,-4.9108357
cu02_p3r4N6,23.710007,-4.9001327
cu01_p2r3J18,23.72085,-5.095546
cu01_p1r1B20,22.161322,-9.221851
cu01_p2r1C15,20.68625,-0.11435838
cu02_p2r3J10,25.982203,-3.4370477
cu02_p1r1C13,25.944464,-3.097609
cu01_p1r2E16,25.396267,-3.317557
cu02_p1r4O22,15.163619,-0.972514
cu01_p1r2H7,20.240646,-9.1687565
cu01_p2r3K8,20.995815,-5.0999637
cu02_p1r4M6,26.149466,-1.6473378
eso29_p2C10,23.475313,-8.90725
cu02_p2r2G20,24.752348,-4.13712
cu03_p3r1D19,24.398827,-8.197557
cu03_p2r2F18,24.078077,-0.83485085
cu03_p3r1B11,20.688726,-3.944317
cu01_p2r1D8,20.41788,-0.6742996
cu02_p1r4N14,24.215387,-2.4980605
cu02_p1r3I10,24.619238,-3.5063634
cu01_p2r2F6,27.20316,-6.5841274
cu01_p2r3J19,25.023485,-8.815587
cu03_p2r1D11,23.749052,-5.1570373
cu01_p1r3K12,20.328825,-9.197988
cu03_p2r1A9,25.857357,-0.7861782
cu02_p2r1B19,25.421268,-9.277057
cu03_p1r4M24,14.212924,-1.2562402
cu01_p1r2G1,25.251528,-0.16912231
cu03_p2r1A5,26.326033,-1.2578869
cu01_p2r1D23,14.2867565,-1.484123
cu03_p4r4N13,25.25496,-0.46140644
cu01_p1r2H12,20.24078,-8.663773
cu01_p1r2H10,25.45001,-2.3972487
cu01_p2r3J7,21.970236,-4.116865
eso29_p2B3,22.149973,-7.6291103
cu02_p2r4O10,26.937801,-7.1572547
cu03_p1r2H2,26.485048,-2.6991568
cu03_p2r2F19,20.581665,-5.427616
cu03_p3r2E24,14.820877,-1.7336056
cu02_p2r2F17,24.852121,-4.606388
cu01_p2r3L11,19.832136,-8.034511
cu01_p1r1C18,19.309357,-7.9544454
cu03_p4r2E2,20.999502,-3.8995354
cu01_p1r3J13,19.61748,-7.5505238
cu01_p2r4N11,26.46138,-5.392223
cu02_p3r3K9,24.223967,-6.832387
cu01_p2r2H14,20.736792,0.023982177
cu03_p1r3K8,22.946695,-4.100045
cu03_p3r4N5,23.246424,-7.176439
cu03_p3r2H16,24.647648,-2.203076
cu02_p1r2G2,21.23754,-8.884458
cu02_p2r4N13,24.558147,-4.999241
cu02_p1r3I17,23.993843,-2.5991879
eso29_p2C7,23.7211,-8.231784
cu02_p3r2G24,16.818958,-2.9799976
cu01_p2r4O19,24.531988,-5.8758574
cu03_p3r1C5,23.383379,-6.3169193
cu03_p3r4N15,25.462242,-8.176481
cu01_p2r2F23,14.4605,-0.36253697
cu02_p1r3K6,26.045296,-8.350147
cu02_p2r3L5,25.999052,-2.1309369
cu03_p1r3K10,20.183558,-7.5448794
cu02_p3r2H11,25.288635,0.18637817
cu02_p1r1C21,25.211803,0.23590945
cu03_p4r4O11,26.097036,-6.1787624
cu03_p2r3L22,14.289552,-1.3010333
cu02_p2r1C19,19.777416,-9.070059
eso29_p2A2,20.245775,-8.7404585
eso29_p2C6,26.119986,-6.0296564
cu03_p2r4N17,24.290071,-6.0204096
cu01_p2r1C16,26.645584,-8.463432
cu03_p3r2G21,22.352959,-3.751461
cu01_p1r3J14,20.81442,-8.874396
cu01_p2r4N6,25.9762,-6.247179
cu03_p2r1D21,25.73334,-2.766705
cu03_p2r2G7,23.04855,-8.290683
cu01_p1r4N10,23.869705,-8.486365
cu03_p4r1A18,20.743351,-3.6227021
cu02_p2r2F16,25.56765,-2.571355
cu02_p1r1B24,14.605272,-1.2404975
cu02_p2r3J5,23.615034,-7.825062
cu01_p1r2F22,22.698172,-8.797367
eso29_p2A7,23.283335,-6.4126883
cu02_p2r3J14,25.01158,-8.851162
cu02_p2r1A5,26.241337,-3.7454004
cu03_p2r4N3,25.470497,-7.853497
cu01_p1r4O1,20.73489,-2.279796
cu02_p3r3L15,22.531258,-9.175978
cu03_p2r1B9,23.073416,-3.08846
cu01_p1r1D9,20.406488,-6.8537445
cu03_p3r4N1,24.423666,-1.7226866
cu02_p2r4M12,26.33973,-8.054965
cu01_p1r4M19,21.665424,-8.081401
cu03_p3r3J11,23.693253,-1.264353
cu02_p1r2E18,25.799896,-3.5924184
cu02_p1r1B7,21.691046,-7.782235
cu02_p1r1D12,25.566656,0.16650856
cu03_p2r1D10,27.238178,-5.1267314
eso29_p2G8,20.918608,-6.930438
cu01_p1r1B24,25.278584,-3.4766455
cu01_p1r1B22,20.148455,-7.8636155
cu01_p2r2F22,15.366999,-1.2258023
cu01_p2r1C11,22.696161,-6.484064
cu01_p1r1C13,21.493484,-8.375795
cu02_p1r4N16,25.104038,-2.4720871
cu02_p3r1C21,27.124243,-4.9132705
cu01_p2r3J4,25.124552,-2.9955409
cu02_p1r1D11,25.423208,-2.220383
cu03_p2r3J17,24.181463,-6.1446385
cu03_p2r3K2,24.416222,-6.594333
cu03_p3r2F5,26.009895,-1.1098893
cu03_p3r3L7,23.249065,-0.9468405
eso29_p2E12,24.127563,-7.6981726
cu03_p4r4O9,19.739439,-6.1623654
cu03_p3r2G19,24.936834,-0.67713463
cu01_p1r4N22,26.36763,-1.8356632
cu02_p1r2G22,15.172025,-1.3020443
cu03_p3r4O17,22.343777,-3.5591645
cu02_p3r1B8,24.128845,-8.053807
cu03_p3r1B16,23.839457,0.1494047
cu01_p2r2H17,24.392529,-4.3497033
cu03_p2r1C13,24.091873,-6.6148844
cu01_p2r3I10,25.547293,-9.024265
cu01_p2r3J15,26.885849,-8.262806
cu02_p3r2F4,19.675259,-7.0733976
cu03_p2r1D5,26.260357,-1.3483819
cu02_p1r4M13,25.57087,-0.49300417
cu03_p4r1C4,25.320942,0.114649996
cu01_p1r2F16,19.675116,-8.454144
cu02_p3r3L11,24.398466,0.20013662
cu01_p1r2E13,25.423447,-7.890474
cu02_p2r1D7,22.778622,-9.372974
cu02_p2r1A14,25.618114,-7.9542737
cu01_p2r2E15,26.211796,-6.0656986
cu01_p2r3K1,23.80622,-1.2662503
cu03_p3r4M8,24.431673,-1.7475141
eso29_p2C8,20.67867,-6.862676
cu02_p3r2H13,25.111437,-0.2621892
eso29_p2E4,19.44823,-7.385306
cu03_p3r3L23,14.39297,-0.76563996
cu03_p1r4M6,22.8271,-5.060311
cu01_p2r2F12,27.336554,-7.395735
cu03_p3r3K24,14.288884,-1.2470762
cu01_p2r4N13,24.12371,-3.2888508
cu03_p3r1A14,23.731825,-3.6670854
cu02_p2r3K5,24.454672,-0.21918467
cu02_p1r2H17,26.201683,-8.322297
cu03_p2r2G19,19.754753,-5.809992
cu02_p2r2G7,24.211975,-2.0563056
cu01_p2r4N12,27.20193,-7.386959
cu01_p2r3K18,21.137974,-8.828426
cu03_p3r3J6,26.382208,-5.400812
cu02_p2r3L15,25.576042,-1.851578
cu02_p3r1D4,21.694687,-7.571161
cu03_p4r1C15,20.083092,-4.6857295
cu02_p2r1D2,20.776836,-8.469985
cu02_p1r1C1,24.661802,-7.950503
cu02_p2r1B18,26.10722,-3.6225834
cu03_p4r2G9,22.62478,-7.9583416
cu02_p3r1B14,19.198217,-8.593304
eso29_p2F9,19.83108,-6.834024
cu02_p3r4N16,25.203857,-0.4979936
cu01_p1r4O12,26.08095,-1.7710317
cu01_p2r4N3,24.65455,-2.8814187
cu02_p1r4O18,23.871607,-3.0781627
cu01_p2r3J17,26.15419,-7.3689017
eso29_p2G4,21.185083,-8.8072
cu02_p1r1A19,24.709913,-3.4480948
cu02_p1r3L15,19.700655,-8.297765
cu03_p1r3K3,26.238348,-2.2277794
cu02_p2r1C24,16.67054,-4.1441336
cu02_p3r1D20,25.004135,-7.195711
cu02_p1r3I20,24.8951,-3.6134589
cu02_p2r3I1,25.094881,-2.1856425
cu03_p3r2G7,23.405901,-8.028983
cu03_p2r3I1,25.2852,-0.22380231
cu02_p3r2F17,24.142435,-0.45540094
cu03_p3r4M22,14.9549885,-1.1534284
cu03_p3r3J24,26.47711,-6.595656
eso29_p2C5,23.680843,-8.206643
cu03_p3r2E14,22.090849,-3.4772277
eso29_p2B9,21.275255,-8.608664
cu02_p3r3I20,26.318964,-4.22419
cu02_p3r2F18,24.209455,-3.5694475
cu03_p3r3I14,26.226416,-7.014098
cu02_p2r2H2,21.61551,-7.8660965
cu02_p3r3I7,21.03666,-8.795187
cu03_p3r2G13,24.889412,0.5125067
cu03_p2r1C19,27.054155,-7.870649
cu02_p3r1B22,15.844288,-1.0957924
cu01_p1r3L2,26.695536,-6.0186872
cu02_p1r3J15,26.0418,-6.152592
cu03_p3r2H10,22.728306,-2.8731706
cu02_p1r1B12,23.352652,-7.7991257
cu02_p1r1C3,25.12051,-1.5826483
cu02_p1r1B19,21.147142,-2.7540238
cu02_p2r3K3,24.836037,-3.9316285
cu01_p1r3K16,22.763924,-6.8471956
cu03_p3r3I4,26.809673,-7.169473
cu01_p1r1B3,26.307446,-8.509334
cu02_p2r2H14,26.807928,-5.0156894
cu02_p3r3J22,15.192557,-0.22276275
cu01_p2r4O23,14.654511,-1.5947951
cu01_p2r1C10,25.023449,-6.040183
cu03_p4r2H4,25.118744,-6.714789
cu01_p2r3J8,26.381144,-6.066742
cu01_p1r1B12,26.195112,-2.0341904
cu01_p1r3K15,21.768476,-9.176504
cu03_p2r2E12,25.727367,-8.099
cu03_p2r3J5,21.800358,-9.010701
cu03_p2r3K4,25.800722,-7.204466
cu02_p2r1D17,23.15516,-0.67926013
cu03_p2r4M23,14.766955,-0.014940594
cu02_p1r3K1,23.008999,-2.75336
cu03_p1r3J4,25.756344,-1.3867382
cu03_p3r3K7,23.308786,-1.7549143
cu02_p1r2E20,24.523321,-2.0462432
cu02_p1r1C17,25.200947,-1.4582509
cu03_p3r1C10,23.3525,-2.1988778
cu03_p3r1D10,25.877169,-5.7185564
cu02_p1r1C6,24.695513,-1.564692
cu01_p2r2G22,14.834835,-0.7280174
cu03_p1r3I9,23.576004,-6.3774624
cu03_p3r1A1,25.871868,-0.008695485
cu03_p2r1A22,14.297777,0.28800434
cu03_p1r2E13,21.110569,-4.092596
cu01_p1r3K7,24.173016,-4.126534
cu02_p2r3I16,26.027973,-3.635626
cu03_p2r4O6,22.228226,-4.4979568
cu01_p2r3I8,22.82701,-8.727443
cu01_p1r4O18,20.423298,-0.6459292
cu03_p2r3I3,24.99154,-1.3960465
cu01_p1r1B5,21.362879,-7.153203
cu02_p2r1C6,19.147934,-8.433715
cu03_p1r1A7,22.612408,-6.992349
cu02_p1r2E12,24.677734,-2.1244595
cu03_p2r3L9,23.671408,-2.2578468
cu01_p1r1B17,22.069939,-9.003614
cu02_p1r3I14,24.17797,-0.6322413
cu01_p1r3L10,25.537695,-8.448713
cu02_p1r1A8,20.395445,-4.768284
cu02_p3r4O3,22.753134,-7.7687387
cu03_p2r1C15,23.879416,-7.2378435
cu03_p2r4N12,22.324486,-4.2769346
cu01_p1r1A14,23.25955,-1.718825
cu02_p2r2H23,16.761892,-4.2794023
cu01_p1r1B18,26.300161,-4.666641
cu03_p3r3L12,23.590902,-1.4840572
cu01_p1r3J12,24.323805,-8.131976
cu01_p2r1D11,20.21011,-8.781725
cu01_p1r4M6,21.901567,-8.222792
cu03_p3r3K2,22.518478,-6.007883
cu03_p3r3L8,23.202312,-6.620117
cu03_p2r1A21,26.602972,-4.1138783
cu02_p1r2G14,24.611303,-8.276831
cu01_p2r2F18,27.304972,-7.5606613
cu02_p2r1B12,23.535624,-2.805789
cu03_p3r3I1,26.098272,-0.84602267
cu03_p3r4N4,21.88225,-6.8881164
cu02_p3r4O15,25.390574,-2.9917538
cu02_p2r1D3,22.88508,-9.306078
cu01_p1r3L23,22.939993,-8.524812
cu03_p3r3L14,24.230349,-6.2610116
cu01_p2r3L5,25.509197,-3.871766
cu03_p4r4M4,24.635832,-6.653048
cu02_p2r1A3,27.37502,-7.375157
cu02_p3r4O12,24.965193,-0.6816736
cu03_p4r1A3,23.607376,-4.6149635
cu02_p2r3L9,25.203434,-9.5602865
eso29_p2D6,22.021187,-8.6844635
cu02_p2r1D8,26.395718,-1.1443392
cu02_p2r1A2,25.113304,-8.016412
cu01_p2r1B2,24.89797,-8.545526
cu01_p1r2F10,20.524294,-0.052527953
cu01_p2r1A8,26.628216,-4.185581
cu03_p1r3J3,14.587832,-1.5090163
cu01_p1r1A9,26.37151,-3.4953494
cu02_p1r1A24,15.199747,-0.19273707
cu02_p3r3I21,25.546215,-2.6448784
cu01_p1r1C6,21.51395,-9.400863
cu02_p3r4N3,20.90882,-9.586133
cu01_p1r2E2,24.171412,-5.539206
cu02_p2r3K14,25.676012,-9.508384
cu02_p1r2G17,25.537287,-4.4674807
cu01_p2r3J10,19.168886,-8.685773
cu01_p1r4O22,22.383541,-8.197702
cu01_p2r3I15,27.74319,-6.314732
cu02_p2r1B22,15.239655,-0.85127014
cu02_p1r3I18,19.500587,-8.381675
cu01_p2r2G17,21.06137,-8.331882
cu02_p1r2E14,27.275736,-7.206043
cu02_p2r4O8,21.186705,-8.195739
cu02_p1r3L23,17.099485,-3.9712698
cu01_p2r2E2,23.484179,-7.7661486
cu02_p1r4O3,22.956379,-4.3520064
cu02_p3r1A11,25.89983,-8.679132
cu02_p1r2F2,23.20617,-5.373415
cu02_p1r3L19,20.870226,-8.743114
cu03_p2r3K14,23.202068,-4.759658
cu02_p1r1D2,24.932922,-9.312892
cu02_p1r1D24,14.968355,-0.1571077
cu02_p3r1A13,25.986465,-5.77112
cu03_p2r4N6,24.826427,-5.8099213
cu01_p1r4O2,26.033976,-6.956451
cu01_p2r2F14,19.708036,-7.7922463
cu01_p2r2E1,24.781672,-4.127729
cu01_p1r2G15,22.231993,-8.710067
cu01_p1r2F5,20.492222,-9.073334
cu02_p3r3J14,25.420393,-9.553781
cu02_p1r1A13,24.726862,-0.1833229
cu03_p3r1A6,25.238918,-7.916941
cu02_p2r1C12,23.499826,-9.327223
cu03_p1r2G24,14.198691,-0.9168985
cu03_p3r3I23,14.783471,-1.6761063
cu03_p1r4O2,23.006094,-5.5663643
cu01_p2r1D10,25.65213,-9.4495
eso29_p2C11,21.378317,-9.146807
cu02_p2r1B13,22.380919,-5.5750527
cu02_p1r3I21,25.635624,-0.525016
cu02_p1r1C15,20.588821,-8.199659
cu01_p2r3K12,20.346832,-8.342823
cu03_p3r1B5,23.583546,-0.41955864
cu03_p2r1A7,25.892885,-1.5310677
cu02_p3r4M21,26.096254,-2.9770055
cu03_p3r3L4,25.496656,-7.511362
eso29_p2E8,25.657722,-6.9272013
cu02_p1r2F4,27.389692,-4.873252
cu01_p1r3I23,23.776997,-8.435403
cu03_p2r3I24,15.088452,0.16749328
cu01_p2r4O13,25.032166,-9.565258
cu03_p2r3I15,25.854595,-7.6714807
cu03_p2r4N16,22.604551,-3.7630708
cu02_p1r3K14,25.858568,-8.542355
cu01_p1r3I18,22.759037,-8.505352
cu02_p3r1A17,20.519064,-7.6263
cu01_p1r3L17,23.836164,-0.9362078
cu01_p1r2F20,20.531218,-6.284284
cu01_p1r1B9,19.59178,-6.3154445
cu03_p2r1A6,25.382898,-7.54963
cu02_p1r1A23,15.596886,-0.46438992
cu03_p2r2H1,27.962797,-6.7174973
cu03_p1r2E12,21.410477,-4.2430735
cu03_p4r2G22,14.522572,0.21770659
cu03_p3r3L22,15.546971,-0.0507216
cu03_p1r3J1,16.006191,-0.64446014
cu02_p2r4N18,22.824423,-7.0556664
cu02_p1r2H16,25.453789,0.31578463
cu02_p3r3K16,25.551725,-3.0530844
cu02_p3r3L9,27.342855,-5.519345
cu02_p3r3I22,14.780554,-0.21588758
cu02_p1r4M11,20.73678,-0.022085523
cu03_p1r1D6,26.364504,-6.759653
cu03_p1r4N13,25.240074,-1.9488645
cu03_p3r1C1,27.128122,-6.555316
cu03_p3r3L10,22.965506,-2.871945
cu03_p3r2H11,21.912374,-4.354242
cu02_p1r3K5,23.328775,-2.8212185
cu01_p2r1C23,15.012284,0.46771657
cu03_p2r1C9,25.56152,-2.4589362
cu02_p3r3L1,25.064287,-8.607258
cu02_p3r3L10,25.583906,-3.08308
cu02_p3r1C12,25.058392,-3.837988
cu02_p1r2H19,26.52376,-5.182038
cu01_p1r1C1,21.15191,-0.6682309
cu03_p3r2G23,15.553595,-1.4891332
cu02_p2r3I18,25.318611,-0.7210156
cu03_p3r1A16,24.248789,-4.1603937
cu01_p2r3L20,21.748005,-7.426746
cu03_p2r2E10,24.54631,-6.1137757
cu01_p2r2H11,24.850733,-5.004496
cu03_p1r3I1,25.218563,-6.1054482
cu01_p2r4O10,24.57289,-3.3674424
cu02_p1r4M22,14.556596,-1.0202799
cu01_p1r1B6,25.435736,-2.93163
eso29_p2E7,21.028746,-6.2781696
cu02_p3r1D24,16.835196,-2.9647129
cu02_p3r3I23,14.962377,-0.50381356
cu03_p3r2F12,26.152388,-4.000613
cu02_p1r3L22,14.746499,-0.77710104
cu03_p1r3L15,22.818357,-2.1936858
cu01_p1r1C16,25.01948,-1.8184975
cu01_p1r1A18,22.32405,-8.8186
cu02_p3r1C11,19.201488,-8.768661
cu03_p3r3L6,22.545326,-4.5263796
cu03_p3r1B22,17.155159,-4.028084
cu01_p2r3I22,14.604988,-0.34563604
cu03_p3r1B13,22.935698,-5.1653957
cu02_p1r4O8,24.014343,-8.858227
cu01_p2r4O8,24.921951,-9.200236
cu02_p1r1C19,24.461544,-3.1352372
cu03_p2r3I13,26.70528,-6.876308
cu03_p1r4N21,23.350876,-8.3377905
cu03_p3r4N17,20.669487,-7.3423767
eso29_p2E5,21.869825,-7.2090964
cu03_p2r2E21,24.439486,-1.1781262
cu03_p3r3K9,25.357952,-3.6448288
cu02_p2r3K21,26.594418,-2.8616009
cu03_p4r1C17,22.289248,-3.3396358
cu02_p3r4O14,25.335062,-0.6931274
cu02_p1r3J11,24.13553,-7.3095803
cu02_p1r1B5,25.76381,-1.2677859
cu02_p2r2F20,26.38718,-4.00996
cu03_p2r1A1,19.821468,-8.001152
cu03_p2r1B12,24.90701,-7.55843
cu03_p3r2H7,23.7767,-0.7528425
cu01_p1r3I17,20.938597,-0.149973
cu03_p2r4N7,24.223074,-6.5675626
cu03_p3r3K3,25.32295,-3.9572294
cu03_p2r3J16,26.054083,-6.902311
cu03_p1r1A15,24.676846,-5.0534506
cu03_p3r4O6,24.255093,-5.896407
cu02_p1r3I7,23.583767,-3.2194927
cu03_p4r4M9,21.959887,-4.7203465
cu03_p3r2E10,21.828178,-5.0709705
cu03_p3r3L18,23.054607,-5.1667433
cu02_p3r3K5,24.196674,-3.3657403
cu03_p3r2E22,16.803751,-3.9043317
cu02_p1r2F22,15.446684,-0.8067343
cu01_p1r2E7,22.206951,-9.153064
cu02_p3r1D12,26.600477,-7.7743526
cu01_p1r1A19,25.795647,-9.64029
cu02_p2r4N20,21.57611,-8.87614
cu03_p2r3K23,14.495475,-0.92270446
cu02_p3r2E2,24.985613,-7.6793385
cu02_p2r4O16,24.310436,-0.4352176
cu01_p2r4N16,25.173515,-4.0225677
cu02_p1r1C20,25.284575,-2.7419908
cu01_p1r2F2,22.74284,-4.961598
cu01_p1r3L14,25.043228,-5.8625803
cu02_p2r3I23,14.716299,0.29180077
cu03_p1r4N7,24.907291,-0.46556103
eso29_p2D4,22.381191,-8.565861
cu01_p2r4M22,20.79431,-0.037602652
cu01_p1r3K20,23.842297,-3.7397196
cu02_p2r3K7,27.31016,-6.7854133
cu03_p2r4M9,23.658976,-2.8338284
cu01_p2r3J21,26.332905,-8.249958
cu02_p1r4M16,26.802185,-4.8006067
cu02_p3r3J21,27.267025,-5.224347
cu02_p3r1C15,21.847712,-8.575023
cu01_p1r4M12,25.264763,-4.5567937
cu02_p1r3I1,19.220438,-8.067569
cu01_p1r2E15,25.378122,-2.5553184
cu02_p1r2E6,20.645851,-8.076538
cu03_p3r2H4,24.021027,-1.7055147
cu03_p3r2G11,22.931711,-3.2763562
cu01_p1r3I10,20.878836,-8.110178
cu03_p1r1D1,24.155575,-0.49360064
cu03_p2r1A20,24.273054,-0.6005959
cu02_p3r4N18,20.846994,-9.701437
cu02_p2r1D21,24.88928,-0.0770152
cu03_p2r1B11,26.519451,-7.235694
cu02_p1r2E13,22.10937,-8.828502
cu02_p2r3K12,23.93756,-8.248578
cu03_p2r2E11,25.182732,-1.7728904
cu02_p1r3L21,24.740656,-8.701962
cu02_p1r1B9,25.284634,-9.591688
cu01_p1r4O8,21.281286,-9.005232
cu03_p3r1A21,22.837467,-5.147963
cu03_p2r1B2,23.490349,-5.82494
cu01_p2r1B19,24.334219,-5.0259004
cu02_p2r2F23,26.08342,-6.572079
cu03_p4r4O7,24.71741,-3.2588522
cu03_p3r3K19,22.172949,-3.6067283
cu02_p1r2G23,15.558708,-1.2025784
cu03_p3r2G1,23.349451,-7.7729855
cu02_p2r3L17,24.839287,0.4010702
cu02_p1r2G1,22.109892,-6.6988277
cu02_p1r1A1,24.599262,-5.7021017
cu03_p2r2F5,23.595522,-7.32844
cu02_p1r1A10,23.487288,-1.5291144
cu03_p4r4O14,23.414953,-5.8264074
cu02_p2r3K23,15.152798,-0.9130671
cu03_p4r1C2,22.437937,-3.3789036
cu01_p1r3J6,26.113182,-6.5351896
cu03_p2r2H20,23.769386,-7.2019277
cu03_p3r2F3,23.671331,-7.300243
cu01_p2r3I1,24.298832,-7.224471
cu03_p2r4N23,14.858718,-2.1900375
cu03_p3r3K8,22.025158,-3.493163
cu02_p3r3J17,21.813662,-9.542083
cu02_p3r4M4,26.359444,-8.776105
cu03_p1r4N11,22.703632,-3.6912155
cu03_p3r4N14,24.234024,-0.60131544
cu02_p3r2G19,24.046093,-0.6060444
cu02_p1r3I8,25.15206,-0.53942084
cu02_p3r2F8,23.223015,-3.5665603
cu03_p1r2E5,26.156904,-5.8159046
cu03_p3r2E13,25.384445,-5.4718575
cu03_p1r4O7,22.924385,-1.9516091
cu03_p2r3K12,26.200111,-6.7536883
cu02_p3r1C8,25.364862,-9.577095
cu03_p3r2G10,23.782537,-0.38160038
cu02_p1r2E19,21.347273,-8.600992
cu01_p2r3J13,25.42213,-8.921087
cu03_p3r3J1,22.323572,-5.0954475
cu02_p3r4O5,25.7049,-0.58144593
cu01_p1r4N20,23.862806,-3.4941
cu02_p1r2G4,24.136461,-0.2144283
cu02_p3r4O22,15.797581,-0.9711987
cu02_p3r2F19,21.499363,-4.97353
cu02_p2r3K9,23.483664,-1.1948534
cu02_p2r3I14,23.400623,-1.9338677
cu02_p3r1C23,15.669142,0.1067304
cu01_p1r4O3,20.600765,-0.53778595
cu02_p3r1A22,15.092293,-0.3539626
cu03_p3r1B18,23.21618,-0.9313121
cu01_p2r3L12,24.261967,-6.1935487
cu03_p2r1D1,19.232712,-6.7199993
cu02_p1r3J2,22.688284,-4.9375577
cu02_p1r4N19,25.182444,-0.13995157
cu02_p2r3K22,15.385726,-0.09034247
cu03_p3r1A9,25.53384,-5.7510104
cu03_p2r4M1,21.756563,-5.7605867
cu02_p2r1D18,23.693878,-5.5559864
cu03_p3r4M24,14.02544,-0.27277884
cu01_p1r4M9,25.84835,-3.4913297
cu02_p2r3K13,25.42793,-2.0837173
cu03_p2r4N11,24.28208,-0.9377225
cu02_p3r1D13,19.526203,-8.169552
cu03_p2r3L5,22.600399,-6.0216303
cu02_p1r1D22,16.73361,-3.0872521
cu02_p3r2H5,23.040285,-6.6655374
cu02_p1r2G3,20.123846,-8.651267
cu02_p2r2G12,22.75156,-9.465758
cu03_p2r4N8,23.449286,-8.681362
cu02_p2r3L6,23.795248,-2.1916497
cu01_p1r2H1,21.255285,-6.835067
cu01_p2r2E18,24.23216,-3.1156986
cu03_p4r2H1,27.180447,-6.4765143
cu02_p1r2H11,26.071833,-3.954294
cu01_p2r3I6,21.76786,-0.99451363
cu03_p2r1B1,24.84354,-0.3020492
cu02_p2r2G4,25.848236,-9.298101
cu02_p3r2E10,23.360806,-2.2143831
eso29_p2B5,23.83406,-7.46597
cu02_p2r2E11,23.773455,-5.9777737
cu03_p3r1A7,21.017878,-3.25798
cu01_p2r1D1,19.711842,-8.684059
cu03_p1r3L10,23.74917,-3.939133
cu02_p2r3J7,23.41931,-3.7224417
cu03_p2r3L15,25.617828,-1.426251
cu02_p1r4M10,23.345903,-2.3974483
cu01_p2r2G11,27.008696,-8.345636
cu02_p2r4M2,22.23113,-8.498571
cu02_p3r4M11,25.776173,-2.1142912
cu03_p1r3I14,23.489199,-2.924354
cu03_p2r3L20,23.718075,-1.7608843
cu02_p1r3J16,21.58499,-0.8804928
cu03_p2r3I8,26.675304,-7.5749893
cu03_p3r3J5,23.046616,-0.7238144
cu02_p2r3K2,26.135334,-8.594244
cu03_p2r1D7,27.595524,-6.880506
cu02_p3r3L23,14.764638,-0.78488475
cu03_p2r4M17,25.025124,0.07425536
cu03_p2r2G22,15.058275,-1.2106758
cu02_p3r2F2,23.599531,-5.0263176
cu02_p3r2G10,25.574743,-3.4999647
cu01_p1r4M10,26.579023,-8.673088
cu01_p2r1A23,13.936318,-0.54090506
cu02_p1r2G24,14.943136,-0.6156886
cu03_p3r3J3,22.114483,-3.6463726
cu02_p1r1A9,27.432852,-5.975501
cu02_p3r3I16,25.784092,0.16387555
cu03_p1r3I2,24.218954,-1.7833787
cu01_p2r1B17,26.109732,-8.022514
cu01_p1r1C14,19.963232,-8.537967
cu03_p3r2F14,26.6015,-6.8607464
cu01_p1r2H19,21.82479,-9.644606
eso29_p2G5,20.95377,-7.771858
cu02_p2r1B5,24.904644,-9.126602
cu02_p2r4N22,14.457241,-0.08411547
cu03_p3r3I13,23.423,-0.10209741
cu02_p1r1A14,24.06064,-5.027408
cu01_p2r2G20,25.560438,-9.033518
cu01_p1r3J21,22.821314,-1.7731826
cu01_p2r3J2,23.410557,-4.3500457
cu03_p2r1B6,25.033478,-6.4798055
cu01_p1r4M22,25.121916,0.4548147
cu03_p4r4O17,21.930407,-2.5494587
cu02_p1r2F5,21.041214,-6.6945963
cu03_p1r3J8,25.904375,-7.0966215
cu01_p2r1D15,24.306404,-1.0633501
eso29_p2G6,24.294662,-8.359339
eso29_p2E9,22.910152,-7.3105497
cu02_p3r4N2,22.925379,-2.4544613
cu03_p2r2F24,14.494433,-1.9036397
cu02_p3r4O19,22.504194,-6.938257
cu01_p2r3L22,14.6129265,-1.4797938
cu03_p2r4O17,24.562416,-6.283014
cu02_p2r1B16,22.535421,-8.594494
cu03_p3r2E20,23.393633,-0.7733032
cu03_p3r3K20,21.719135,-5.577
cu02_p3r1A16,19.03063,-7.0215
cu03_p2r2F13,24.652975,-1.7492497
cu02_p3r2H4,24.937243,-8.136306
cu02_p1r3L8,24.49405,-3.232212
cu03_p1r4O16,26.753473,-7.403354
cu03_p3r2F20,25.084358,-6.2986536
cu03_p3r3J17,22.47704,-3.7570934
cu01_p2r1A3,24.43517,-7.998883
cu02_p1r1B20,22.75853,-8.127096
cu02_p3r2H9,26.39434,-2.5917659
cu02_p2r2G6,27.51309,-6.478683
cu01_p1r3I8,20.01231,-8.790667
cu03_p3r1D9,25.000202,0.1686566
cu01_p2r2H22,15.232633,0.4887509
cu01_p1r4O13,19.379848,-8.558351
cu03_p3r2G4,26.854836,-6.9402013
cu03_p3r1B19,23.214146,-3.2257562
cu03_p4r4N5,25.870646,-3.353484
cu03_p3r1C11,23.839771,-5.8250036
cu02_p2r4M13,25.448284,0.030620169
cu01_p2r4N18,26.64218,-7.775596
cu01_p1r3I4,26.885176,-5.114141
cu03_p2r1B15,22.070934,-3.845274
eso29_p2A10,27.010136,-5.551322
cu01_p1r3I24,26.727211,-8.914673
cu03_p2r2E22,13.912041,-1.0142419
cu02_p1r4O17,27.58314,-7.7810564
cu01_p2r2H23,16.896435,-4.220146
cu03_p2r1D9,23.432926,-4.119886
cu02_p2r4M17,25.733332,-8.998733
cu03_p2r1D24,14.851931,-0.9661778
cu02_p3r3I8,21.44315,-0.081626184
cu01_p2r1B24,15.738312,-0.0908312
cu02_p2r4M14,24.572388,-3.8704457
cu01_p1r2H16,26.08426,-2.4890385
cu02_p3r1B2,19.550026,-7.0521407
cu03_p2r3J20,25.073994,-8.397317
cu02_p3r3I18,26.018751,-2.604409
cu01_p2r2H7,26.901817,-4.615177
cu01_p1r3J16,21.898058,-9.059885
cu01_p2r3L3,20.65524,-7.6072474
cu01_p2r1D13,20.283752,-8.126521
cu02_p1r1D13,22.04924,-8.209318
eso29_p2H1,15.35746,-1.5885798
cu03_p2r3I11,21.856888,-9.130619
cu02_p1r1A16,20.68384,-6.8900375
cu03_p4r1D7,22.937895,-8.001008
cu03_p3r4N18,24.817547,-6.9366636
cu03_p2r4N19,24.492722,-7.5439043
cu02_p1r2H6,23.023102,-9.019624
cu02_p1r3L11,23.943386,-5.3694515
cu03_p2r3L23,14.216418,-1.527746
cu01_p2r2H18,27.776514,-6.6806417
cu02_p2r1D10,27.737293,-6.949227
cu03_p2r1C22,14.625197,0.28837627
cu03_p2r4M24,14.841362,-1.5709966
cu03_p2r1D6,21.17769,-8.532882
cu01_p2r3J22,14.992165,0.4174965
cu03_p2r4N20,24.58045,-3.6593251
cu03_p3r2E17,22.03643,-3.8023455
cu02_p2r3L22,16.62914,-3.2219412
cu01_p2r2H21,16.960987,-2.7498415
cu01_p1r2E10,21.490725,-5.387797
cu02_p1r3K24,15.202137,-1.0322753
cu02_p1r1B17,26.365005,-2.5475788
cu02_p2r2E14,26.071207,-2.821781
cu03_p3r4N20,26.600172,-8.2472105
cu01_p1r4N2,21.051144,-0.33399332
eso29_p2A6,22.041256,-2.4571562
cu03_p4r1D1,21.183605,-4.1656623
cu01_p2r4O15,25.024195,-4.247379
cu02_p3r3K22,14.152073,-1.2751775
cu01_p1r2E8,20.609604,-5.671922
cu03_p2r1C5,22.68413,-6.8067102
cu03_p2r2G17,26.847708,-6.5555544
cu03_p3r4M12,23.849405,-3.9050431
cu02_p2r3I7,27.76473,-6.694504
cu03_p1r3K11,25.00244,-0.5935651
cu02_p1r2F24,15.688249,-0.55773526
cu03_p1r3J6,14.536044,-1.6343981
cu01_p1r3I3,20.025835,-8.728749
cu02_p1r1B15,25.699175,-0.679464
cu02_p2r3I22,15.593195,-0.13470793
cu03_p2r3J14,23.162813,-4.8190074
cu02_p1r1D1,23.04004,-8.5733
cu02_p2r4O1,23.772978,-3.137619
cu02_p2r1B4,21.589539,-8.231688
cu01_p2r3K3,25.199959,-2.4870994
cu02_p1r1D18,23.656353,-5.933252
cu02_p2r4O23,15.772918,-0.041411802
cu03_p3r4O24,15.053641,-1.5079193
cu02_p2r1D12,22.307526,-9.155804
cu01_p1r3L15,20.63281,-7.6511292
eso29_p2F4,21.693064,-7.638276
cu02_p1r4O5,23.454031,-3.4262593
cu02_p1r4O12,25.6161,-4.412179
cu03_p3r1A15,23.91943,-0.5971663
cu03_p2r4M8,27.049,-7.0025005
cu03_p3r3J20,23.770391,-2.9966893
cu02_p3r4O8,26.06124,-1.1421204
cu02_p3r3K23,15.3450165,-0.59022576
cu01_p2r1C22,16.063347,-0.6364409
cu02_p2r4N3,25.758299,-8.854049
cu02_p1r3I23,15.673783,-0.7467351
cu03_p2r2F11,20.278221,-7.560979
cu02_p2r2F8,23.945274,-4.042786
cu01_p2r1C24,16.936674,-4.1807113
cu03_p4r4N1,23.659456,-1.8062047
cu02_p3r3K13,24.130587,0.16229308
cu01_p1r2F3,21.535873,-0.68288374
cu03_p3r2E23,15.459337,-0.33577886
cu03_p2r4O10,23.918146,-4.2428646
cu01_p2r4N5,21.229885,-8.364139
cu03_p2r4O14,23.74436,-0.2780256
cu03_p3r1B1,24.022667,-8.9983635
cu01_p1r4N5,25.869196,-1.316746
cu02_p1r4O23,15.577454,-1.0538433
cu03_p1r1A1,21.47941,-3.3583224
cu01_p2r2F19,23.708488,-4.519608
cu02_p2r4O12,25.796421,-5.037558
cu03_p3r1B3,23.765156,-2.4206898
cu02_p3r1B9,24.775723,-6.768818
cu02_p2r2H18,24.46651,-4.0010867
cu03_p1r2H12,22.433563,-2.6771371
cu02_p1r2E9,24.414244,-1.8235661
cu03_p1r4N3,25.646986,-5.508496
cu02_p3r3K7,20.052162,-8.768518
cu02_p2r4N5,24.721983,-2.1200078
cu01_p2r1B15,21.235485,-8.332086
cu02_p3r1B3,25.395609,-8.445531
cu03_p3r1B20,21.091425,-5.452174
cu03_p2r3K24,14.036279,-1.0745143
cu02_p1r1A17,25.200718,-9.504177
cu02_p1r2H9,25.551893,0.011667115
cu01_p2r1B14,21.032356,-8.812284
cu03_p4r2F12,22.075108,-7.178759
cu03_p2r2F16,25.769444,-1.7938503
cu01_p1r3J7,25.938046,-5.0377727
cu01_p1r2E5,21.421814,-8.470243
cu02_p3r2E24,15.988747,-0.21254912
cu02_p1r1A12,21.24807,-2.5623255
cu01_p1r1C2,27.685244,-6.5918207
cu01_p2r4M13,26.829714,-6.21822
cu03_p3r1A24,20.822527,-4.030975
cu02_p1r3I15,25.339529,-4.286805
cu02_p3r4M8,21.607012,-6.698498
cu02_p2r2F18,26.414495,-8.982505
cu01_p1r4M13,21.569769,-8.925322
cu02_p1r1B14,26.162462,-4.5708885
cu01_p2r4N9,26.047987,-5.2336454
cu03_p3r3I9,25.810673,-5.9985366
cu02_p1r3K4,23.442142,-9.20815
cu03_p3r4O7,27.615679,-5.846742
cu03_p4r2G10,21.388514,-6.6844974
cu01_p2r3I24,15.438951,-1.362407
cu03_p3r3J19,24.606752,-0.77080566
cu02_p1r4M9,24.412184,-2.9386036
cu02_p3r3I5,22.98194,-7.987177
cu03_p2r4M11,26.760685,-6.80004
cu01_p2r1D12,21.417677,-7.4992256
cu02_p2r3J23,15.322414,-1.2094052
cu03_p3r3J15,20.900011,-5.8286824
cu03_p2r2G9,24.662428,-4.3732433
cu02_p3r4N7,27.503836,-5.995889
cu02_p1r3J5,20.508427,-7.713716
cu02_p2r2E22,14.9735775,0.0382745
cu03_p4r1D11,21.507668,-3.5465262
cu01_p2r2E20,20.78282,-9.322133
cu03_p3r2F4,27.307888,-5.4044394
cu03_p2r2G1,22.63887,-5.2318273
cu03_p2r2F21,24.100903,-1.562379
cu03_p3r2H22,14.514393,-1.1407418
cu02_p2r3L18,25.330652,-1.5150267
cu01_p2r4M6,22.294558,-8.255725
cu03_p2r3I2,26.705784,-5.6401258
cu02_p2r1D15,25.036575,-2.794568
cu03_p3r3J12,24.581926,-3.4736369
cu03_p2r1B10,25.6522,-6.2667127
cu03_p2r1D13,22.804268,-1.2882051
cu01_p1r3I21,21.889347,-8.524215
cu03_p1r3J13,21.623259,-2.8680134
cu02_p3r4O18,25.278542,-9.390361
cu02_p3r3K4,25.227589,-0.9876591
cu03_p3r4M17,23.139853,-1.2245513
cu03_p1r2G6,24.652937,-7.5989585
cu01_p1r4M4,20.439787,-0.18691733
cu03_p1r2E2,22.85573,-3.959984
cu01_p1r3I12,20.495003,-0.8735716
cu01_p1r1C21,26.704086,-8.475145
cu02_p1r3K7,23.207075,-1.8167162
cu01_p2r2E22,14.560727,-1.5661267
cu03_p4r4O22,14.255925,-1.8762149
cu02_p3r2H8,22.447721,-9.56355
cu02_p3r2F1,19.023293,-7.739607
cu01_p2r2F16,24.373976,-3.7408059
cu03_p4r4N24,15.057911,-1.7181836
cu02_p2r3J6,25.847988,-3.3621101
cu01_p2r2F15,20.723494,-6.0923376
cu01_p2r3J9,26.161627,-7.4849677
cu03_p3r4O13,22.186195,-4.0565524
cu03_p4r1C11,24.03869,-6.2243633
cu03_p2r2F7,27.028582,-6.774815
cu02_p2r1B21,21.603125,-6.90725
eso29_p1C4,22.081459,-7.976103
cu03_p2r2G13,25.776432,-6.476851
cu03_p3r3L2,23.077896,-1.0292302
cu02_p2r2E1,23.968513,-9.072869
cu02_p2r1C10,24.493841,-9.188988
cu03_p1r4N2,21.992113,-5.487787
cu02_p2r3J3,24.63597,-3.46643
cu03_p1r1D13,24.636223,-3.52469
cu01_p1r4O11,21.647684,-8.306682
cu01_p1r4O21,20.463362,-0.94755125
cu03_p3r4O9,26.237185,-6.6380115
cu03_p2r2H22,13.99852,-1.424181
cu03_p3r1B23,15.308093,-1.8202715
cu03_p3r1B6,24.100485,-7.07207
cu02_p2r4M11,20.190739,-9.373038
cu02_p2r1B11,24.597582,-8.907916
cu03_p3r3J22,16.998985,-4.2959003
cu03_p2r3L11,24.351044,-6.292947
cu02_p3r1C22,15.584585,-0.33141005
cu02_p1r4N4,21.165272,-7.6083155
cu02_p1r2H18,24.773413,-6.2380857
cu02_p3r2F11,23.793592,-3.3307443
cu01_p1r3K8,24.824219,-1.3684893
cu02_p2r1D14,26.082743,-5.8531365
cu01_p2r1C19,20.267569,-8.945817
cu01_p2r2G21,15.780076,0.14028054
cu02_p3r1C20,26.306078,-7.758263
cu02_p2r3J21,24.691927,-4.202054
cu03_p3r4O5,23.05069,-6.498994
cu03_p3r3K10,20.971481,-5.0265346
cu03_p3r3L21,22.569914,-6.779164
cu01_p1r3I19,25.16522,-9.516903
cu02_p1r2E24,14.429147,-0.27919114
eso29_p2B1,25.284359,-5.635396
cu02_p1r3I9,22.84833,-0.04556607
cu02_p1r2H7,24.97975,-1.0925277
cu01_p1r2H2,26.5193,-5.4657707
cu01_p2r1C8,26.054798,-5.2674336
cu03_p1r1B2,22.426498,-4.1856856
cu01_p2r3J6,25.357676,-6.2988534
cu01_p2r3K6,26.463757,-8.931445
cu03_p3r4O12,23.624777,-6.584475
cu03_p3r2E1,25.331427,-2.2154272
cu01_p2r3J20,25.319862,-2.6590688
cu02_p1r1C7,25.747837,-2.291203
cu03_p2r4M2,24.854017,-7.8304977
cu02_p3r3J10,26.521023,-2.9095635
cu03_p1r3I12,23.478981,-4.400502
cu01_p1r4N23,25.142672,-1.2773211
cu02_p3r2H21,25.000214,0.36305073
cu01_p1r3I13,25.67802,-8.597157
cu03_p2r4M7,22.409595,-6.2593813
cu01_p1r2G11,22.566074,-8.397536
cu02_p2r1C11,25.172771,-7.913877
cu03_p4r4N8,21.41427,-5.6010947
cu02_p2r1B14,22.42325,-8.09331
cu01_p2r2E24,14.172388,-0.87114584
cu02_p2r3J17,24.605793,-0.17149957
cu01_p2r4N15,27.328634,-7.7286425
cu03_p1r3K2,23.066565,-7.5994563
cu02_p2r4M4,24.160946,0.10996168
cu01_p1r4O23,21.754126,-6.857308
cu02_p2r3I11,26.90577,-5.0372195
cu02_p1r3J6,20.992495,-1.0455093
cu03_p3r1D6,22.764166,-7.377158
cu03_p3r2E2,22.27501,-3.2435791
cu03_p3r2F7,22.501251,-4.1040854
cu02_p3r3L2,25.14437,-5.3460116
cu01_p1r3I11,21.005074,-8.247609
cu03_p2r1D19,26.030352,-6.3785877
cu03_p3r4M13,20.788857,-8.1642685
cu02_p1r2E15,26.122688,-1.624512
cu02_p2r3L4,24.198092,-4.831813
cu01_p2r3J11,19.653435,-6.8800406
cu03_p2r3K1,23.129114,-5.3103743
eso29_p1B5,21.356667,-7.089659
eso29_p2G3,20.715984,-9.1824465
cu01_p1r2F19,20.94542,-9.028483
cu02_p3r4M13,25.575525,-0.33233663
eso29_p2F1,25.516241,-5.0397706
cu03_p1r3I24,14.137487,-0.13136865
cu02_p2r4O2,20.836195,-7.387879
cu03_p3r3L11,24.604126,-7.2637987
cu01_p2r3I2,21.823017,-4.6088843
cu01_p1r4O5,23.479286,-4.9641695
cu01_p2r1C12,23.022789,-4.5120516
cu01_p1r2E4,20.52914,-0.6607846
cu01_p2r2E13,19.47093,-6.715974
cu03_p3r4M1,26.31221,-7.7273254
cu01_p2r3K4,21.339785,-8.599778
cu02_p1r1C14,25.84688,-9.3010235
cu02_p2r1B7,21.642162,-7.966334
cu02_p1r1D17,23.809566,-1.6229388
cu02_p3r4O4,21.940863,-8.225858
cu01_p1r3I14,24.220007,-3.8005812
cu02_p3r3K18,25.720005,-3.066627
cu01_p2r3L17,20.542652,-9.237349
cu03_p1r3J2,16.067732,-0.48955613
cu03_p2r2H14,27.812527,-6.271966
cu01_p2r4O18,27.137613,-5.4008827
cu02_p3r1A6,23.619774,-4.2209744
cu03_p2r1B5,25.105116,-8.310582
cu02_p2r1B15,21.210606,-9.135802
cu02_p3r3K11,24.782883,-3.4275036
cu03_p3r3J10,23.369139,-3.269278
cu02_p2r4N1,24.325447,-2.3596148
cu03_p4r4N10,23.12673,-5.521494
cu03_p2r2G6,25.754816,-1.0645367
cu01_p2r3J3,21.177464,0.22417699
cu03_p2r3J23,14.805547,-0.62106997
cu01_p1r2H5,25.935541,-2.9022374
cu02_p1r3J12,23.881721,-4.9756956
cu03_p3r4N10,26.789791,-8.1796465
cu03_p3r2H8,23.167511,-1.5056154
eso29_p2E1,23.558804,-8.465747
cu03_p3r1A17,22.707035,-2.3363197
cu02_p2r4O6,24.242157,-8.453227
cu01_p2r2H6,25.172813,-8.542472
cu03_p1r1B8,25.72502,-2.282216
cu03_p2r4O4,23.475006,-1.3124216
cu01_p2r2H1,23.493008,-6.905206
cu03_p4r4O10,23.386135,-6.7716293
cu02_p2r1A7,24.299385,-3.0960698
cu01_p2r3K17,26.03558,-1.7231277
cu02_p1r4N22,15.247288,-0.18486431
cu02_p2r1C2,24.865911,-4.4039364
cu03_p2r3K16,24.207045,-1.1174468
cu02_p3r3J12,22.863382,-8.7923765
eso29_p2H8,16.76233,-3.177481
cu02_p3r3I17,27.5002,-6.4559603
cu03_p3r1A18,24.010965,-4.1968527
cu02_p2r2H11,23.229193,-9.387708
cu02_p3r2G21,20.773605,-7.8258953
cu03_p2r1D12,24.39958,-4.947996
cu02_p2r2H10,26.372274,-8.674625
cu03_p3r1A19,24.522984,-6.632156
cu03_p2r2H11,25.418024,-7.5779686
cu03_p2r4O19,22.296469,-2.7860062
cu02_p3r4M10,25.423532,-4.2887063
cu02_p1r2F18,26.23958,-7.760553
cu02_p2r2F3,20.362078,-0.037406594
cu02_p1r1C22,14.722433,-0.24927942
cu01_p2r4M21,24.239733,-5.859836
cu02_p1r3J7,26.113628,-3.7137952
cu01_p1r4N15,21.977545,-9.46961
cu03_p2r1A18,24.512684,-0.6596075
cu01_p1r3L1,20.893324,-0.89074624
cu02_p1r2H23,14.493866,-0.4121184
cu03_p4r1B2,21.430172,-3.1240036
cu02_p2r2F10,23.860424,-1.1901356
cu03_p2r2G21,25.665977,-0.872523
cu02_p1r2H5,27.0049,-6.6252704
cu02_p1r1D16,20.38741,-0.18832436
cu03_p3r3K1,23.933556,0.34679827
cu02_p1r1C10,23.606373,-6.571439
cu01_p1r4N11,20.395475,-7.7333364
cu02_p2r1B6,27.91149,-6.8049893
cu03_p2r2H6,24.258385,-7.2280073
cu01_p1r1D11,25.438726,-5.453849
cu02_p1r2F3,20.97313,-0.15385187
cu03_p2r2F8,20.562145,-9.222216
cu01_p2r1B9,20.970201,-7.443198
cu03_p2r2H19,24.769169,-5.4436026
cu03_p2r1C8,24.269417,-7.055233
cu02_p2r4O5,27.376112,-5.5020494
cu02_p2r4N6,26.44149,-5.563112
cu02_p3r4N11,23.836649,-3.4435344
cu02_p2r2E23,14.699669,-0.13225923
cu01_p2r2F7,20.619028,-0.86913896
cu02_p1r2E8,25.129095,-9.426125
cu03_p2r1C16,25.06552,0.4479012
cu03_p2r2H3,22.807995,-5.5767503
cu02_p2r2G10,25.33195,-5.146334
cu02_p2r4M16,20.040178,-7.9132648
cu01_p2r2G15,21.189108,-6.9664555
cu02_p1r3K2,21.341743,-7.8628674
cu03_p2r2G18,24.33846,0.39495718
cu03_p2r1B8,22.511436,-5.609484
cu02_p1r4O10,24.6261,-2.4614108
cu02_p3r1A8,23.203318,-4.175645
cu02_p1r3K18,26.830976,-4.88764
cu02_p2r2H5,24.898039,-8.2519865
cu02_p1r3L2,24.831364,-7.5573907
cu01_p2r1B3,23.540554,-1.8603548
cu03_p4r4N9,21.234808,-5.3719115
cu08_p3r4N12,18.803917,-7.1159735
cu08_p3r2E16,21.145458,-0.30319196
cu08_p1r2C2,21.308968,-5.321951
cu08_p3r3L13,22.42373,-5.625971
cu08_p3r1D5,21.230724,-7.8244076
cu08_p1r2C6,22.27199,-3.4226718
cu08_p3r2G8,25.540382,-4.532505
cu08_p2r2G12,23.983372,0.14145419
cu08_p3r1A19,24.14915,-7.4497566
cu08_p3r1E13,23.361086,-1.2605686
cu08_p3r1H7,24.405666,-3.9459336
cu08_p2r3N17,23.62626,-6.9336295
cu08_p2r4O8,19.089693,-6.234285
cu08_p3r4N6,19.130342,-6.675508
cu08_p2r1A17,20.999899,-7.4332695
cu08_p2r4L20,25.229326,-2.0224655
cu08_p3r4I16,22.902897,-5.036161
cu08_p2r2D10,24.980787,-5.706369
cu08_p3r4I18,22.973003,-0.7646658
cu08_p3r4K8,23.489246,-3.0315585
cu08_p2r2C16,21.538095,-6.605789
cu08_p1r2E6,20.12404,-6.620376
cu08_p3r3L3,23.436935,-6.8213506
cu08_p3r1E9,24.442755,-0.25556517
cu08_p2r4L10,27.56672,-7.15118
cu08_p2r3J3,24.34062,-7.715538
cu08_p3r1D15,22.781694,-8.175545
cu08_p3r1B13,20.257654,-7.337392
cu08_p3r4K6,20.372223,-6.947063
cu08_p3r2C10,22.414095,-5.6605873
cu08_p3r3L21,19.917267,-7.915949
cu08_p3r4L8,26.911415,-5.557055
cu08_p2r3J11,18.974367,-6.1111255
cu08_p3r3N11,20.342405,-5.548417
cu08_p3r1G17,24.027262,-0.26064327
cu08_p1r1E21,24.083,-5.0854406
cu08_p2r1B15,19.62508,-6.894738
cu08_p2r4P6,25.39655,-5.5205736
cu08_p2r3M15,24.505714,-2.4220538
cu08_p2r3O21,19.125944,-7.4574065
cu08_p1r2C14,22.614927,-3.3732755
cu08_p3r1G5,22.182213,-7.126794
cu08_p2r4M18,20.619808,-6.33638
cu08_p2r2G4,23.659763,0.09027158
cu08_p2r1B9,23.033781,-5.373808
cu08_p3r2F14,20.730797,-6.7869735
cu08_p2r2H14,24.295326,0.2627248
cu08_p3r4P18,21.77438,-7.0519795
cu08_p1r2D22,24.638004,-6.8110957
cu08_p3r2B20,21.477022,-6.6044006
cu08_p2r2A4,21.72804,-7.318683
cu08_p3r4L18,20.465628,-1.0682578
cu08_p3r3M15,19.505539,-6.565933
cu08_p2r1D5,19.869358,-7.657038
cu08_p2r1D19,19.562366,-5.686309
cu08_p3r2G12,23.315197,-1.1903825
cu08_p2r2E4,21.742682,-4.8117294
cu08_p1r1C5,23.317009,-3.3886526
cu08_p3r1B11,19.793581,-6.615879
cu08_p3r3K5,20.044151,-5.9638186
cu08_p2r1F15,23.500721,-4.731779
cu08_p2r4K22,14.73341,-0.088947766
cu08_p2r4J10,24.097672,-4.1526155
cu08_p2r1C5,19.33478,-6.1232295
cu08_p2r1E17,18.90414,-6.8161964
cu08_p3r4J14,21.773233,-2.9749749
cu08_p2r2D16,21.943508,-5.0557623
cu08_p1r2C20,19.491478,-5.591715
cu08_p3r2G20,25.220516,-5.6190653
cu08_p2r4N14,20.844437,-6.059265
cu08_p2r2C4,26.417055,-7.4632516
cu08_p2r4I18,20.171017,-6.6057444
cu08_p2r1H9,24.012978,-6.397999
cu08_p3r4M20,19.179552,-7.4373217
cu08_p2r1G5,22.875149,-4.990147
cu08_p3r3L23,14.0058365,-0.886938
cu08_p2r2C8,21.389265,-6.339669
cu08_p2r2F14,27.243744,-7.4503646
cu08_p3r3M11,20.088581,-5.709405
cu08_p1r1B17,22.705154,-6.259569
cu08_p2r1E13,19.958921,-8.718496
cu08_p3r2E8,20.813019,-6.060001
cu08_p2r3O7,24.963852,-2.5641544
cu08_p1r2F22,20.351286,-5.8556323
cu08_p1r2E2,23.844738,-5.0292435
cu08_p2r3L17,20.130064,-6.6793714
cu08_p3r4N18,26.093838,-5.9657564
cu08_p3r2C2,23.184557,-6.9320736
cu08_p3r2E4,19.846872,-5.9569592
cu08_p1r2F6,22.122688,-4.9778824
cu08_p2r1F13,23.22876,-5.9394693
cu08_p3r3J11,20.953764,-6.016237
cu08_p2r2F24,15.988683,-1.0413605
cu08_p1r3N23,24.189821,-6.8804965
cu08_p3r1E7,20.281786,-6.22005
cu08_p3r4O10,23.87098,-5.869652
cu08_p1r3J9,19.294703,-8.198132
cu08_p3r1G7,19.926548,-5.4959784
cu08_p3r4L20,21.160841,-6.3115296
cu08_p2r3N3,22.79803,-6.7028956
cu08_p3r4I20,18.99854,-6.85885
cu08_p2r1B11,21.353762,-6.7947984
cu08_p3r2G16,23.057634,-6.0448484
cu08_p2r4O2,25.983315,-6.3872643
cu08_p3r1H1,21.290508,-6.735707
cu08_p3r3L7,20.965096,-7.006165
cu08_p2r3L21,22.122416,-2.8992877
cu08_p3r3M21,21.06612,-6.4639406
cu08_p3r3L15,20.545979,-6.49517
cu08_p3r1H19,26.07755,-4.822606
cu08_p2r1G23,14.675916,0.089460485
cu08_p3r2D16,19.767036,-5.9286933
cu08_p3r1C9,26.970318,-7.8013344
cu08_p2r4K14,20.658861,-6.054533
cu08_p3r2D18,21.6968,-7.0164175
cu08_p3r4N16,20.402723,-0.41409862
cu08_p3r3I7,19.508188,-6.9882717
cu08_p3r1H17,23.13278,-3.670486
cu08_p2r3J21,26.268427,-5.8694787
cu08_p3r1E19,24.151377,-3.2190843
cu08_p2r1G17,23.67141,-7.1283407
cu08_p3r1F7,24.743189,-4.353012
cu08_p3r3P17,24.208464,-8.606787
cu08_p3r3K17,21.413807,-5.1389084
cu08_p1r1B19,23.640903,-2.2421803
cu08_p3r3P19,24.910608,-3.6436577
cu08_p3r1G3,21.564316,-6.6218963
cu08_p2r3P5,19.18507,-5.9296103
cu08_p3r1H13,24.48712,-6.412794
cu08_p2r3K7,19.45209,-7.221373
cu08_p2r4L8,24.3576,-6.3467035
cu08_p3r2G2,20.267195,-0.69135886
cu08_p3r3J15,22.386396,-5.3227496
cu08_p3r3M3,22.693867,-4.472961
cu08_p2r3N19,20.606327,-6.5490227
cu08_p2r2F8,20.444284,-7.3554554
cu08_p1r1D19,22.062103,-5.585423
cu08_p1r2E16,23.52728,-7.224696
cu08_p2r4O4,27.472897,-6.357978
cu08_p2r1A23,16.46957,-3.0590062
cu08_p3r4J10,23.815504,-6.5496173
cu08_p1r1E7,23.631283,-6.48218
cu08_p3r1F15,20.28536,-5.9891953
cu08_p3r4K2,21.709492,-7.581165
cu08_p1r1F11,20.406202,-5.5045085
cu08_p2r4J16,24.786102,-1.4228452
cu08_p3r2B18,19.96623,-5.615503
cu08_p3r1G13,22.369707,-7.7148323
cu08_p1r2A24,16.438694,-2.9076495
cu08_p3r4O18,24.969715,-4.423019
cu08_p3r3N21,22.035692,-3.3133905
cu08_p3r3O9,23.451168,-6.912528
cu08_p3r1D7,20.262796,-6.288209
cu08_p2r4K4,22.774286,-3.431903
cu08_p2r4O10,22.519077,-2.5137644
cu08_p2r3N11,23.357819,-5.780026
cu08_p2r3P11,22.720818,-3.7949333
cu08_p1r4I14,20.979988,-7.8540707
cu08_p2r3L13,25.0486,-6.641139
cu08_p2r3K21,23.376444,-1.5707363
cu08_p3r3O7,23.089931,-3.3230672
cu08_p3r2H12,20.926083,-6.550528
cu08_p3r2B14,23.376366,-0.6463454
cu08_p2r4N8,20.287006,-5.4261584
cu08_p3r3L17,22.220852,-3.316984
cu08_p3r2D2,20.564196,-0.73572284
cu08_p1r1D21,22.561905,-3.3067849
cu08_p2r4J24,16.50166,-2.8034384
cu08_p3r1F17,26.296103,-5.396555
cu08_p1r1F21,24.317629,-2.5868962
cu08_p1r2E22,19.35371,-5.6002936
cu08_p2r4O6,23.160994,-3.0373309
cu08_p3r1F11,22.661541,-6.06997
cu08_p2r3P1,25.272333,-2.2031758
cu08_p2r1F11,25.279379,-7.055335
cu08_p3r2D8,21.78908,-7.4516087
cu08_p3r3N3,25.405422,-5.2558193
cu08_p2r4M20,22.787374,-2.353919
cu08_p1r2C18,25.214815,-8.237587
cu08_p2r2F22,15.278269,-0.48963338
cu08_p2r4I16,19.711433,-6.414878
cu08_p2r2D22,15.874094,-0.71260464
cu08_p3r2G4,27.21282,-6.2887216
cu08_p2r3P23,14.572043,-0.41546705
cu08_p1r2A16,19.651209,-5.6116667
cu08_p1r2H12,23.183867,-2.6186254
cu08_p2r4J18,19.77578,-7.72989
cu08_p2r1G21,22.827776,-6.3699107
cu08_p1r2B20,24.657719,-1.0742705
cu08_p3r2A10,20.219322,-6.790543
cu08_p3r4K22,14.40334,0.12343261
cu08_p1r2A10,25.021961,-5.1716013
cu08_p2r2E20,22.544743,-4.7551537
cu08_p3r1B17,20.569979,-5.872881
cu08_p2r2E16,19.313925,-7.8658466
cu08_p3r3N13,19.878374,-6.559297
cu08_p2r3I7,25.009525,-6.0368114
cu08_p2r3O3,26.678753,-5.783468
cu08_p3r3J13,23.191652,-5.3407006
cu08_p3r4K18,22.776491,-1.7256908
cu08_p1r2B6,23.522753,-0.47096342
cu08_p3r2F2,27.128222,-6.2801437
cu08_p2r1H17,25.536259,-0.32983014
cu08_p3r4N10,23.064962,-5.850961
cu08_p3r1D13,19.091385,-6.6476617
cu08_p1r3J5,23.407972,-3.7025576
cu08_p3r1H21,24.747604,-5.3768544
cu08_p1r2E4,25.63607,-5.260366
cu08_p2r2H16,21.335974,-5.6744604
cu08_p3r3I21,25.67308,-4.2870502
cu08_p1r1E9,25.49549,-3.2639296
cu08_p2r2E2,23.3061,-5.9961863
cu08_p2r1F3,26.432434,-5.000269
cu08_p2r1A19,19.718943,-7.0673623
cu08_p3r2H14,19.755167,-5.738408
cu08_p1r1D9,24.649134,-6.13331
cu08_p3r3O23,14.565171,0.5503238
cu08_p2r3P15,26.468138,-8.101531
cu08_p2r1E23,14.171768,0.33609983
cu08_p2r2G14,22.673971,-6.6562376
cu08_p3r2B8,22.298153,-6.5298424
cu08_p2r3N1,22.459864,-4.5753284
cu08_p2r3K9,23.7418,-0.8597697
cu08_p3r2H10,24.316244,-2.4146087
cu08_p2r3K1,24.513409,-5.2531524
cu08_p1r4I4,24.348171,-3.3754902
cu08_p3r1F9,21.885128,-7.871032
cu08_p3r1A7,23.69508,-6.0642796
cu08_p3r2A20,23.358526,-3.5883
cu08_p1r1E1,22.901133,-2.1570356
cu08_p3r2A16,22.71778,-5.242547
cu08_p3r1C3,26.296633,-5.3814363
cu08_p1r3O23,20.226194,-7.252729
cu08_p3r2H20,25.217184,-4.4140086
cu08_p3r2B16,24.64347,-7.308413
cu08_p3r1A11,22.17249,-5.2299395
cu08_p2r4M22,21.603909,-6.061128
cu08_p2r1D15,23.28102,-6.4591856
cu08_p3r3M5,23.858803,-4.933404
cu08_p2r4I10,23.055002,-1.4991772
cu08_p2r3O1,24.15523,-7.032977
cu08_p2r4L16,19.80173,-6.052955
cu08_p1r2F24,16.326874,-2.816928
cu08_p2r2C6,22.2522,-7.0908413
cu08_p2r1C3,23.978304,-6.269192
cu08_p2r1F23,16.718786,-2.7066076
cu08_p3r4I8,20.392014,-0.7393917
cu08_p2r1B1,23.307316,-6.1299057
cu08_p3r2A14,23.470589,-0.66599685
cu08_p2r4M14,19.205645,-5.95015
cu08_p3r2C20,19.820011,-6.0518727
cu08_p1r4I22,20.994143,-6.642388
cu08_p1r4P14,18.29255,-7.4801183
cu08_p2r2B16,18.231937,-7.6872478
cu08_p3r4J12,21.786152,-3.7731025
cu08_p2r3M21,25.564053,-6.85353
cu08_p2r1D9,25.906843,-3.059574
cu08_p3r1B3,26.918642,-3.2649462
cu08_p2r4P8,20.38699,-6.8912315
cu08_p2r3K17,21.8768,-5.0056496
cu08_p2r3O11,23.201395,-0.6892322
cu08_p3r4M8,19.929321,-6.4176664
cu08_p2r4I6,23.601683,-0.21799158
cu08_p2r4J22,14.515082,-0.25940156
cu08_p1r4I6,26.014297,-4.1418643
cu08_p3r3M23,14.950339,-1.2435464
cu08_p1r4I8,25.167973,-5.595064
cu08_p2r2H6,21.260994,-8.087776
cu08_p3r3M13,23.757448,-6.2236056
cu08_p2r1E11,23.57381,-4.6336703
cu08_p1r2B16,23.7558,-6.316443
cu08_p1r1A13,22.493402,-6.650978
cu08_p3r4O4,21.107468,-4.721381
cu08_p3r4I4,19.408825,-6.3406367
cu08_p2r4O22,20.463032,-5.2281547
cu08_p2r2H20,19.826763,-6.7699933
cu08_p2r3M23,14.640018,-0.33985737
cu08_p2r2E8,23.770634,-1.3515666
cu08_p2r3O9,18.389313,-7.9617095
cu08_p3r3K21,19.849129,-7.013896
cu08_p3r3O21,19.377089,-6.2082176
cu08_p2r1D23,15.098598,-0.4668292
cu08_p3r3P9,19.920324,-6.668771
cu08_p3r3M19,23.624422,-5.817261
cu08_p3r4K4,19.00521,-6.0749435
cu08_p2r3K13,23.909521,-0.55237305
cu08_p1r1E11,21.430225,-3.421375
cu08_p2r3I21,26.941284,-7.6321163
cu08_p3r1C19,21.861414,-6.9360747
cu08_p1r4I16,25.341816,-5.0445437
cu08_p2r1E19,20.679058,-6.4490757
cu08_p2r2B14,21.662,-6.5221357
cu08_p3r3M7,25.181286,-7.398103
cu08_p3r2B6,19.573362,-5.6717668
cu08_p3r2B4,24.52014,-5.3612494
cu08_p2r3N9,21.354053,-5.488234
cu08_p1r1C11,24.217756,-7.164694
cu08_p3r1C17,26.51066,-6.127418
cu08_p2r3M13,20.426708,-6.8077135
cu08_p1r3I7,21.729568,-3.0982683
cu08_p3r4O12,23.632713,-2.814182
cu08_p3r3I3,26.143356,-6.511948
cu08_p1r2E24,20.744667,-6.603567
cu08_p2r3N5,23.452065,-1.4042195
cu08_p3r2G14,23.83665,-7.1400867
cu08_p2r3K3,21.395203,-5.909793
cu08_p3r4I2,25.722328,-3.1159596
cu08_p1r2B18,21.526114,-5.2155433
cu08_p3r2F6,21.083698,-5.4313293
cu08_p2r1H23,14.817323,-1.5536401
cu08_p2r3L15,22.792482,-4.8933682
cu08_p3r4M10,21.100426,-3.7718525
cu08_p3r4P14,20.73184,-7.377513
cu08_p3r2C18,22.097086,-3.9782395
cu08_p3r2C22,14.333905,0.36026338
cu08_p1r2H8,18.352617,-7.6679716
cu08_p2r1G11,22.501211,-7.221217
cu08_p3r1D17,27.562883,-6.5169997
cu08_p2r1D7,26.369207,-7.2943945
cu08_p2r3I19,22.973188,-2.384095
cu08_p1r2B14,22.758188,-1.368141
cu08_p2r3N13,20.90636,-6.552747
cu08_p3r4P22,15.285249,-0.9619007
cu08_p3r3P23,14.622993,-0.8809682
cu08_p3r4M16,18.753656,-7.2084117
cu08_p3r4L10,24.55634,-7.442012
cu08_p2r3N7,25.87946,-4.99616
cu08_p2r1G1,25.63447,-1.5323446
cu08_p1r1B5,19.830124,-5.5369406
cu08_p2r3L1,22.173462,-4.9181194
cu08_p2r1A3,19.92173,-6.1808577
cu08_p1r2B12,21.016436,-6.0282507
cu08_p3r3O17,19.158821,-5.8930063
cu08_p2r3K5,22.138931,-5.3731866
cu08_p1r4J8,24.862417,-2.5800343
cu08_p2r1C9,21.97806,-5.429676
cu08_p3r4J18,21.888533,-3.9554105
cu08_p3r1E21,21.200497,-5.4917693
cu08_p3r2E6,20.918417,-5.001109
cu08_p2r4M12,21.167418,-5.9247456
cu08_p2r2F6,24.603104,-8.462711
cu08_p2r3P3,20.1846,-7.58778
cu08_p3r1B5,26.793036,-5.1993303
cu08_p2r1C17,24.323605,-1.7007837
cu08_p3r1E3,23.934637,-2.5772305
cu08_p1r1A17,22.84784,-5.5537376
cu08_p2r3P7,20.470472,-6.4675894
cu08_p1r2E14,22.33522,-4.224152
cu08_p1r2C10,22.793549,-3.968456
cu08_p3r4I10,25.218699,-7.2420716
cu08_p3r1A1,22.953308,-7.548534
cu08_p3r2G18,22.992708,-7.0702095
cu08_p1r2D6,23.377205,-2.0941808
cu08_p3r2A2,23.642921,-1.2478797
cu08_p3r2E10,19.288536,-6.2402673
cu08_p1r3K13,18.51545,-7.7038727
cu08_p3r4P10,24.568138,-8.270601
cu08_p3r3J21,24.504898,-7.5068145
cu08_p2r3M1,22.47424,-5.0659676
cu08_p3r4J8,23.311508,-4.2332053
cu08_p2r1D11,26.652485,-6.0604963
cu08_p3r2D22,14.959488,-0.4339207
cu08_p2r3P19,25.813322,-4.026758
cu08_p3r3K7,26.06526,-6.980105
cu08_p1r2E18,22.242002,-4.6123767
cu08_p3r1H23,14.765153,-0.6369654
cu08_p2r2G6,25.527458,-3.1468337
cu08_p2r4O12,24.820131,-2.7361104
cu08_p3r2B22,15.704607,-0.72078824
cu08_p3r1E1,23.005415,-1.7238066
cu08_p3r3M17,20.091768,-5.924068
cu08_p3r1D3,23.517756,-4.5846257
cu08_p1r1B3,21.477234,-5.920463
cu08_p2r2A16,23.033197,-4.653172
cu08_p1r1G23,21.033567,-6.597597
cu08_p3r2E14,20.647224,-5.549949
cu08_p3r1B9,23.230423,-1.1284515
cu08_p3r3L11,23.100096,-2.5973568
cu08_p3r2F22,15.838709,-0.51786506
cu08_p2r2C10,19.212828,-7.6102786
cu08_p3r3N23,14.752039,-0.4066517
cu08_p2r4K20,20.704515,-6.3726993
cu08_p3r3I15,22.700045,-3.1262274
cu08_p1r3O9,22.502104,-6.077537
cu08_p3r3K15,23.021065,-2.7092316
cu08_p2r4L2,24.983915,-0.3809708
cu08_p2r3N15,23.909723,-6.528318
cu08_p2r4I4,24.526962,-5.1305156
cu08_p3r2D10,24.42881,-5.6477327
cu08_p1r1C13,22.916006,-1.450698
cu08_p3r1D19,23.921888,-3.8200681
cu08_p3r3K3,24.586336,-5.5063796
cu08_p3r2F16,22.089,-7.6905017
cu08_p2r2G18,22.370106,-6.772471
cu08_p2r2E6,26.563576,-6.139625
cu08_p2r1A15,20.658905,-6.362233
cu08_p1r2D10,26.699623,-5.330295
cu08_p1r1B13,24.65245,-5.0829563
cu08_p3r4O16,20.380264,-1.0048233
cu08_p2r2C12,20.086699,-5.6419864
cu08_p3r3J7,19.432964,-6.0144496
cu08_p3r2D6,19.948732,-6.820972
cu08_p2r4L6,24.886934,-6.2817984
cu08_p1r1A11,25.066883,-6.712268
cu08_p1r1D7,22.29643,-3.6603456
cu08_p3r3N1,26.696983,-7.464378
cu08_p3r1A13,22.922554,-7.6334405
cu08_p3r2A22,15.661442,-1.3149334
cu08_p3r1C1,22.559816,-8.534253
cu08_p2r1H5,24.63471,-3.589474
cu08_p1r1C1,23.77607,-6.9518743
cu08_p3r4M12,23.334364,-2.4828603
cu08_p1r2D18,18.390915,-7.889194
cu08_p2r1H11,25.70239,-5.731403
cu08_p2r2E12,19.6962,-5.7394733
cu08_p3r2B10,21.64427,-7.779256
cu08_p2r3M17,23.221315,-3.4808342
cu08_p2r3P21,25.005762,-4.138435
cu08_p2r1C15,20.260653,-5.380504
cu08_p3r3I5,19.296253,-6.0241733
cu08_p3r1E5,24.564312,-2.8864064
cu08_p1r4L12,23.944862,-6.6420484
cu08_p3r1F3,22.218603,-5.5608563
cu08_p1r1B11,22.488462,-6.5886073
cu08_p2r2A22,16.660667,-2.7983356
cu08_p3r3N9,18.79895,-6.638246
cu08_p3r4L22,15.144467,-1.3430936
cu08_p3r1G9,21.307371,-0.3624088
cu08_p3r4K12,23.78784,-5.511627
cu08_p3r4I6,26.144121,-8.904529
cu08_p1r2F4,23.064974,-4.923624
cu08_p3r2D12,20.550478,-5.8332324
cu08_p1r1D13,22.000431,-4.910205
cu08_p3r1G19,19.167103,-6.4123955
cu08_p3r2D14,20.469759,-8.72962
cu08_p2r4J8,27.430819,-7.2688003
cu08_p3r3M9,22.754995,-7.184113
cu08_p2r1G3,23.120047,-5.5832977
cu08_p3r2E20,21.119846,-4.640736
cu08_p3r4J16,25.645737,-3.95045
cu08_p2r2B22,14.096867,-1.4724278
cu08_p3r1E15,21.305962,-5.7026052
cu08_p3r3O13,23.804205,-5.1891084
cu08_p1r2A18,22.99982,-4.128934
cu08_p2r4L4,25.176266,-6.5100136
cu08_p2r3J7,22.671185,-1.9972241
cu08_p3r2H8,21.639807,-6.015125
cu08_p2r4P16,23.362192,-3.2136014
cu08_p2r2H4,25.69898,-5.715525
cu08_p2r3O5,23.014687,-1.872014
cu08_p3r4N4,25.523327,-4.6517563
cu08_p3r2A12,19.449968,-6.0317845
cu08_p3r3O5,21.96017,-2.5977404
cu08_p1r4K24,21.613096,-8.006125
cu08_p3r1E23,15.298408,-0.75654924
cu08_p2r3L3,25.9138,-2.8324108
cu08_p2r3J17,22.163752,-2.7959743
cu08_p2r2H22,14.821749,0.25474456
cu08_p2r2F18,23.74648,-7.6402626
cu08_p1r4K22,20.49536,-6.4311185
cu08_p3r2E2,19.03107,-6.794802
cu08_p3r3N5,20.965729,-6.884937
cu08_p2r4P18,24.410305,-7.063687
cu08_p3r4K10,20.05251,-7.340789
cu08_p3r4J20,19.640333,-5.771959
cu08_p1r1C7,24.790812,-2.506188
cu08_p3r2A4,19.616035,-6.391148
cu08_p3r4M14,20.149397,-6.2059717
cu08_p1r2F14,25.168713,-2.9165158
cu08_p3r3N19,19.112328,-6.128887
cu08_p2r1C7,23.788975,-0.8906597
cu08_p2r2D6,22.479654,-6.599114
cu08_p2r1F5,26.401493,-6.531723
cu08_p2r2A20,24.81308,-7.9361744
cu08_p2r2F20,24.797333,-2.252381
cu08_p2r2D2,18.972271,-6.4659038
cu08_p3r2C8,20.427608,-6.8052673
cu08_p1r1C9,24.23184,-0.4664169
cu08_p3r3J1,22.124294,-5.353235
cu08_p3r2H16,20.626463,-7.27745
cu08_p2r2D18,22.137651,-7.5362773
cu08_p3r4N14,20.170137,-7.140843
cu08_p2r3M9,22.860176,-3.706492
cu08_p3r1H3,20.238976,-6.329408
cu08_p3r4L12,22.494324,-4.7514253
cu08_p3r1D21,23.948162,-6.2879357
cu08_p2r2H10,19.107025,-6.6865916
cu08_p3r3L5,19.270523,-6.406108
cu08_p3r4I14,20.790339,-7.850774
cu08_p2r2E14,21.769032,-6.829396
cu08_p3r2F10,20.705788,-7.4067183
cu08_p2r4N16,21.076069,-5.2591004
cu08_p2r1H19,23.094656,-2.0074131
cu08_p2r3J13,24.811977,-6.949027
cu08_p2r4N4,19.630068,-6.5108304
cu08_p3r1H9,19.932642,-6.5779448
cu08_p3r1C13,23.68688,-5.662701
cu08_p2r2H18,22.887512,-3.979519
cu08_p2r2C14,20.168417,-7.183504
cu08_p3r1H5,21.757627,-7.209321
cu08_p2r3I17,23.343775,-7.5084543
cu08_p2r4K16,25.407385,-8.604661
cu08_p1r3P7,18.395338,-7.955456
cu08_p3r2F8,24.590864,-1.4358983
cu08_p3r1C21,20.238302,-6.4453564
cu08_p2r4K18,20.853325,-6.9071
cu08_p3r1G11,22.052338,-5.461556
cu08_p2r1E15,20.597593,-5.7736278
cu08_p3r2F20,23.159248,-3.9111352
cu08_p2r4N6,21.994696,-6.086933
cu08_p3r3K19,21.781137,-5.238166
cu08_p1r3J19,22.140285,-3.2011924
cu08_p2r2H2,24.412706,-6.9449887
cu08_p2r3K19,23.880077,-6.158936
cu08_p2r3O15,25.432564,-6.434738
cu08_p1r4P4,25.956852,-2.9895415
cu08_p1r2C12,20.392593,-5.586442
cu08_p2r2E10,26.3818,-6.427604
cu08_p3r2C6,19.635378,-6.0901756
cu08_p2r2G16,25.310371,-7.127692
cu08_p3r4M22,14.836831,0.15561424
cu08_p2r4O18,24.40063,-6.9826937
cu08_p2r4L12,24.28185,-7.348662
cu08_p2r4P12,22.289944,-6.737145
cu08_p2r4I12,24.347742,-1.7168791
cu08_p2r3M3,20.599325,-7.931083
cu08_p3r2C14,24.103247,-2.4332705
cu08_p3r3N17,21.108337,-7.7338634
cu08_p3r2H4,21.254253,-7.519858
cu08_p2r2B18,23.461334,-6.2250566
cu08_p3r4P16,20.195911,-5.741374
cu08_p3r3N7,18.86429,-6.440996
cu08_p2r1F17,24.135338,-2.1484323
cu08_p2r1E5,25.035746,-7.2064376
cu08_p3r2C12,19.893896,-5.7777076
cu08_p1r2A4,24.324446,-6.994093
cu08_p3r1C7,21.019854,-5.484403
cu08_p2r2G10,23.727177,-4.7133055
cu08_p2r4K6,25.681793,-4.9148602
cu08_p2r4N10,21.442938,-7.3325415
cu08_p3r1G1,21.91602,-7.8250694
cu08_p3r3I1,22.642168,-5.661558
cu08_p1r3P9,25.629253,-5.328184
cu08_p2r4L14,24.041063,-7.340333
cu08_p3r2E18,20.542013,-5.000283
cu08_p2r2B20,25.75744,-8.214846
cu08_p3r1C11,25.77759,-7.833085
cu08_p3r1G23,14.102998,-1.1633912
cu08_p1r1A7,24.700653,-1.5839001
cu08_p2r2D8,20.873783,-0.5917108
cu08_p2r2B2,25.644718,-4.8510127
cu08_p1r2A12,24.942045,-7.1574106
cu08_p2r2G8,24.297647,-6.248393
cu08_p1r1F17,22.633097,-3.5399776
cu08_p2r1D3,26.291557,-7.0966825
cu08_p1r4O8,25.654806,-5.22495
cu08_p3r1D9,24.168085,-5.987463
cu08_p3r1B19,21.06478,-5.537302
cu08_p2r3I15,23.183237,-7.338123
cu08_p2r1E1,24.124184,-7.81796
cu08_p2r2F10,19.1661,-6.419147
cu08_p1r1F23,16.827812,-3.1319752
cu08_p2r4I8,20.983051,-5.5317507
cu08_p2r4K12,21.436987,-8.312255
cu08_p3r1A17,22.89467,-2.6027062
cu08_p2r1E3,25.33832,-0.81729436
cu08_p3r2B12,19.145285,-5.9186516
cu08_p2r2G2,20.605667,-5.3184605
cu08_p3r4L4,24.950197,-9.241802
cu08_p3r1H15,20.220247,-6.028656
cu08_p3r4I12,24.151783,-7.806208
cu08_p2r4P4,20.71895,-4.788424
cu08_p3r3J9,25.684685,-6.160725
cu08_p2r1H15,21.872442,-8.515556
cu08_p1r2A6,23.067163,-0.8403554
cu08_p2r4M10,21.340315,-9.008729
cu08_p3r3I9,22.670511,-2.6038318
cu08_p2r1E21,21.45545,-5.8167214
cu08_p3r3I17,23.848482,-1.9371411
cu08_p2r4M4,21.236877,-8.413494
cu08_p1r2D20,21.95369,-6.1732645
cu08_p3r2A6,22.815762,-3.0245183
cu08_p3r4O2,19.442179,-6.434201
cu08_p3r2B2,20.101007,-7.494985
cu08_p3r2G24,14.704922,-1.427973
cu08_p3r2C4,20.09691,-6.0448174
cu08_p3r3N15,24.696627,-7.2621984
cu08_p1r4N12,18.514692,-8.180649
cu08_p3r4L14,20.80118,-7.0454955
cu08_p2r4P14,25.107544,-3.954462
cu08_p3r3K9,23.680971,-3.9542804
cu08_p1r1G7,25.07109,-2.7772012
cu08_p2r3M19,24.457386,-4.459866
cu08_p1r2B22,20.93558,-6.0379763
cu08_p2r4N2,20.617905,-6.0208006
cu08_p3r3J17,23.762133,-6.4032855
cu08_p2r3I9,21.55575,-6.304811
cu08_p2r1C19,22.708353,-5.8907814
cu08_p2r3J15,26.499987,-3.3413227
cu08_p2r2B8,21.237879,-6.953385
cu08_p3r2E12,20.459246,-5.7220626
cu08_p2r4J6,21.753742,-6.5384564
cu08_p1r1A15,21.562698,-4.593327
cu08_p3r1G15,22.366072,-7.4141297
cu08_p3r4L2,21.336626,-5.9027224
cu08_p2r1H21,21.823786,-7.847225
cu08_p2r4P2,23.767122,-2.696439
cu08_p3r4M6,21.726185,-3.2314742
cu08_p1r4L10,23.356213,-5.9938703
cu08_p2r2B6,24.557676,-2.4136755
cu08_p3r4O14,20.55461,-5.853456
cu08_p1r2C22,16.380262,-3.0879798
cu08_p2r1F7,20.78226,-6.6731834
cu08_p2r2F16,21.521435,-7.749841
cu08_p2r4J2,23.3053,-6.640612
cu08_p2r1B7,27.158957,-7.3638873
cu08_p3r2F18,24.015226,-5.202943
cu08_p3r1B21,23.706318,-7.5022187
